,,,Content,Word Choice & Style ,,,Organization,,,,Layout & Design,,,,ACTIONABILITY,,,,Medical Information,
URL,Title,Duration,"1. The material makes its purpose completely evident. (0,1)","3. The material uses common, everyday language. (0,1)","4. Medical terms are used only to familiarize audience with the terms. When used, medical terms are defined. (0,1) ","5. The material uses the active voice. (0,1)","8. The material breaks or “chunks” information into short sections (0,1,N/A)","9. The material’s sections have informative headers. (0,1,N/A)","10. The material presents information in a logical sequence. (0,1) ","11. The material provides a summary. (0,1,N/A)","13. Text on the screen is easy to read. (0,1,N/A) ","14. The material allows the user to hear the words clearly (e.g., not too fast, not garbled). (0,1,N/A)","18. The material uses illustrations and photographs that are clear and uncluttered. (0,1,N/A) ","19. The material uses simple tables with short and clear row and column headings. (0,1,N/A) ","20. The material clearly identifies at least one action the user can take. (0,1)","21. The material addresses the user directly when describing actions. (0,1)","22. The material breaks down any action into manageable, explicit steps. (0,1)","25. The material explains how to use the charts, graphs, tables, or diagrams to take actions. (0,1,N/A)",This video contain high medical knowledge (0: low; 1: High),
https://www.youtube.com/watch?v=sQ_BFNGg0CU,How Glitazones Work,60,1,0,0,0,N/A,N/A,1,N/A,N/A,1,N/A,N/A,0,0,0,N/A,1,
https://www.youtube.com/watch?v=yvVYwkV1Buo,What is Persistent Diarrhea?,60,1,1,1,1,N/A,N/A,1,N/A,N/A,1,N/A,N/A,1,1,0,N/A,0,
https://www.youtube.com/watch?v=t9o7jGViy4w,DPP4 inhibitors - Overview,61,1,0,0,0,0,0,1,0,N/A,1,N/A,N/A,1,1,0,N/A,0,
https://www.youtube.com/watch?v=kvQkyNOv4Rs,Health Update (Beta Mix) - Captain Novolin,61,0,1,1,0,0,0,0,0,N/A,1,N/A,N/A,0,0,0,N/A,0,
https://www.youtube.com/watch?v=DUlLEmobwys,Active Kids. Active Adults. - Physical Activity,61,1,1,1,1,0,0,1,0,N/A,1,N/A,N/A,1,1,0,N/A,0,
https://www.youtube.com/watch?v=0ttVVGfydkw,Heart Disease and Diabetes,61,1,1,1,1,0,0,1,0,N/A,1,N/A,N/A,1,1,0,N/A,1,
https://www.youtube.com/watch?v=xQHL1JVl3bc,Find a diabetes self-management education program in your area,61,1,1,1,1,0,0,1,0,N/A,1,N/A,N/A,1,1,0,N/A,0,
https://www.youtube.com/watch?v=Jk5IXhB9ZXM,Diabetes Rx May Do Double Duty for Parkinson‚Äôs Disease,63,1,1,1,1,0,0,1,0,N/A,1,N/A,N/A,0,0,0,N/A,1,
https://www.youtube.com/watch?v=Vb-nz6op8yg,BMI Calculator For Women And Men & What is BMI ?,65,1,1,1,1,0,0,1,0,N/A,1,1,N/A,0,0,0,N/A,1,
https://www.youtube.com/watch?v=kcuUcHU21Ik,Diabetes Basics: Hypoglycemia and Hyperglycemia,66,1,1,1,1,0,0,1,0,N/A,1,N/A,N/A,0,0,0,N/A,1,
https://www.youtube.com/watch?v=shsNVuFRKDo,Total Pancreatectomy with Autologous Islet Cell Transplant,66,1,0,0,0,0,0,1,0,N/A,1,N/A,N/A,0,0,0,N/A,0,
https://www.youtube.com/watch?v=HMe6iDvwFUw,The Connection Between Melatonin and Type 2 Diabetes,67,1,0,0,1,0,0,1,0,N/A,1,N/A,N/A,0,0,0,N/A,1,
https://www.youtube.com/watch?v=4JLnkpdjoU8,Type 1 Diabetes and Viral Infections,68,1,1,1,1,0,0,1,0,N/A,1,N/A,N/A,0,0,0,N/A,1,
https://www.youtube.com/watch?v=6IulrGavrjM,Diabetes Foot Care: Screening - Risk Factors,71,1,1,1,1,1,1,1,0,N/A,1,N/A,N/A,1,1,0,N/A,1,
https://www.youtube.com/watch?v=0ju0YMLt2sc,Glycosuria (Medical Symptom),71,1,1,1,0,0,0,0,0,1,N/A,N/A,N/A,0,0,0,N/A,0,
https://www.youtube.com/watch?v=2OFHQnz9vSg,How to avoid Frequent Urination,73,1,1,1,0,0,0,1,0,N/A,1,N/A,N/A,1,1,1,N/A,1,
https://www.youtube.com/watch?v=Y98ry3671Rg,What Is a Normal Blood Sugar Level,74,1,1,1,0,0,0,1,0,N/A,0,N/A,N/A,0,0,0,N/A,1,
https://www.youtube.com/watch?v=LI4AE9ys4eo,DPP4 Inhibitors is a Class of Medications that are Commonly Used to Treat Diabetes,74,1,1,1,1,1,1,1,0,N/A,1,N/A,N/A,0,0,0,N/A,1,
https://www.youtube.com/watch?v=87DX7150ovo,Popular Diabetes Rx May Have New Destination in the Body,74,1,1,1,1,0,0,1,0,N/A,1,N/A,N/A,0,0,0,N/A,1,
https://www.youtube.com/watch?v=M4BOOuJ2oiI,Polydipsia and Glycosuria (Medical Symptom),75,1,1,1,0,0,0,0,0,1,N/A,N/A,N/A,0,0,0,N/A,0,
https://www.youtube.com/watch?v=sCQmLYpXaYg,Coxiella burnetii-animated quick review,75,1,1,1,1,0,0,1,0,N/A,1,N/A,N/A,0,0,0,N/A,1,
https://www.youtube.com/watch?v=lshzaYhtOyA,Blurred vision and Glycosuria (Medical Symptom),76,1,1,1,0,0,0,0,0,1,N/A,N/A,N/A,0,0,0,N/A,0,
https://www.youtube.com/watch?v=80lIWoGHNNA,Angela Mack; RD; LD; CD; CDE - Diabetes and Metabolism,76,0,1,1,0,0,0,1,0,N/A,1,N/A,N/A,0,0,0,N/A,0,
https://www.youtube.com/watch?v=dCpHGtG9AZ8,Study identifies genes that drive type 2 diabetes,76,1,1,1,1,0,0,1,0,N/A,1,N/A,N/A,0,0,0,N/A,1,
https://www.youtube.com/watch?v=4uQrCTkPrFU,Female Sexual Dysfunction Causes,77,1,1,1,0,0,0,1,0,N/A,1,N/A,N/A,0,0,0,N/A,0,
https://www.youtube.com/watch?v=t1cZrBYbdYs,Diabetes (3/5): Oral Meds (Dirty Mnemonic) Pharmacology Insulin Resistance - Sulfonylurea; Biguanide,78,1,1,1,1,0,0,1,0,N/A,1,N/A,N/A,0,0,0,N/A,1,
https://www.youtube.com/watch?v=tGLEWEKHXFQ,Link between Diabetes & Heart Disease | Heart Disease,79,1,1,1,1,0,0,1,0,N/A,1,N/A,N/A,0,0,0,N/A,1,
https://www.youtube.com/watch?v=-s2qC5doR3s,Glycosuria and Polyuria (Medical Symptom),81,1,1,1,0,0,0,0,0,1,N/A,N/A,N/A,0,0,0,N/A,0,
https://www.youtube.com/watch?v=E3nTHnkZybk,Polydipsia; Blurred vision and Glycosuria (Medical Symptom),81,1,1,1,0,0,0,0,0,1,N/A,N/A,N/A,0,0,0,N/A,0,
https://www.youtube.com/watch?v=BZS0amkjOhI,Polyuria and Polyphagia (Medical Symptom),81,1,1,1,0,0,0,0,0,1,N/A,N/A,N/A,0,0,0,N/A,0,
https://www.youtube.com/watch?v=p1sEh1IUsKM,Fatigue and Glycosuria (Medical Symptom),82,1,1,1,0,0,0,0,0,1,N/A,N/A,N/A,0,0,0,N/A,0,
https://www.youtube.com/watch?v=imQ5qMqdoJM,FDA approves new diabetic insulin inhaler,82,1,1,1,1,0,0,1,0,N/A,1,N/A,N/A,0,0,0,N/A,1,
https://www.youtube.com/watch?v=-tbK80HA5fw,Polydipsia; Glycosuria and Polyphagia (Medical Symptom),83,1,1,1,0,0,0,0,0,1,N/A,N/A,N/A,0,0,0,N/A,0,
https://www.youtube.com/watch?v=MatiZeIGpb0,Weekend House Call: Acanthosis nigricans,84,1,1,1,1,0,0,0,0,N/A,1,N/A,N/A,1,1,0,N/A,1,
https://www.youtube.com/watch?v=odKDsbjKWps,TZD Takes Everyone,84,0,1,1,1,0,0,1,0,N/A,1,N/A,N/A,0,0,0,N/A,0,
https://www.youtube.com/watch?v=UOvWr-vMO94,Polydipsia; Polyuria and Polyphagia (Medical Symptom),85,1,1,1,0,0,0,0,0,1,N/A,N/A,N/A,0,0,0,N/A,0,
https://www.youtube.com/watch?v=-sWQnJ5dMSM,Polydipsia; Glycosuria and Polyuria (Medical Symptom),86,1,1,1,0,0,0,0,0,1,N/A,N/A,N/A,0,0,0,N/A,0,
https://www.youtube.com/watch?v=nxS-LP1StvE,Fatigue; Polydipsia and Glycosuria (Medical Symptom),86,1,1,1,0,0,0,0,0,1,N/A,N/A,N/A,0,0,0,N/A,0,
https://www.youtube.com/watch?v=OgpVYTnsmuk,Blurred vision; Glycosuria and Polyuria (Medical Symptom),87,1,1,1,0,0,0,0,0,1,N/A,N/A,N/A,0,0,0,N/A,0,
https://www.youtube.com/watch?v=ECG6sZiJ3Jc,Glycosuria; Polyuria and Polyphagia (Medical Symptom),89,1,1,1,0,0,0,0,0,1,N/A,N/A,N/A,0,0,0,N/A,0,
https://www.youtube.com/watch?v=nyRrm-cCj9g,some important side effects of canagliflozin,89,1,0,0,0,0,0,1,0,1,N/A,1,N/A,0,0,0,N/A,1,
https://www.youtube.com/watch?v=VXQ0aQHe9VQ,Insulin Secretion Beta Cell - Diabetes,90,1,0,0,0,0,0,1,0,1,N/A,1,N/A,0,0,0,N/A,1,
https://www.youtube.com/watch?v=pLrDuFCN3BI,Robin went off of all insulin and reduced eye pressure by 50% with Virta,90,1,1,1,1,0,0,1,0,N/A,1,N/A,N/A,0,0,0,N/A,0,
https://www.youtube.com/watch?v=0bRS-6GDLy4,Fatigue; Glycosuria and Polyuria (Medical Symptom),92,1,1,1,0,0,0,0,0,1,N/A,N/A,N/A,0,0,0,N/A,0,
https://www.youtube.com/watch?v=vfhreWZaLTs,Can Stem Cells Cure Blindness?,92,1,1,1,1,0,0,1,0,N/A,1,N/A,N/A,0,0,0,N/A,1,
https://www.youtube.com/watch?v=2N64oGaFQCA,Diabetes Medication,94,1,0,0,0,0,0,1,0,N/A,1,N/A,N/A,0,0,0,N/A,1,
https://www.youtube.com/watch?v=xmJ3zYQhUuo,Federal Employee: Type 2 Diabetes and Prediabetes Fast Facts: Risk Factors,95,1,1,1,0,1,1,1,0,1,N/A,1,N/A,1,1,1,N/A,1,
https://www.youtube.com/watch?v=QfE4CBG90tM,Type 2 Diabetes and Prediabetes Fast Facts: Risk Factors,95,1,1,1,0,1,1,1,0,1,N/A,1,N/A,1,1,1,N/A,1,
https://www.youtube.com/watch?v=AJ9QNdP9fHk,Fatigue; Polydipsia and Blurred vision (Medical Symptom),95,1,1,1,0,0,0,0,0,1,N/A,N/A,N/A,0,0,0,N/A,0,
https://www.youtube.com/watch?v=G11lr2N7gjQ,Do you know the risk factors for prediabetes and type 2 diabetes?,96,1,1,1,1,0,0,1,0,N/A,1,N/A,N/A,0,0,0,N/A,1,
https://www.youtube.com/watch?v=6lMJSzwffs4,Foods to Avoid after Bariatric Surgery | Obesity,97,1,1,1,1,0,0,1,0,N/A,1,N/A,N/A,1,1,0,N/A,1,
https://www.youtube.com/watch?v=yUZno6t4mTg,What Is Diabulimia? | Eating Disorders,97,1,1,1,1,0,0,1,0,N/A,1,N/A,N/A,1,1,0,N/A,1,
https://www.youtube.com/watch?v=_L2dpW_bFRc,Metabolic Syndrome and Plant-Based Diets,97,1,1,1,1,0,0,1,0,N/A,1,N/A,N/A,0,0,0,N/A,1,
https://www.youtube.com/watch?v=Bkvp1kKQLcE,Control Your Blood Sugar Levels for Diabetic Peoples,98,1,1,1,1,0,0,0,0,N/A,1,N/A,N/A,1,1,1,N/A,0,
https://www.youtube.com/watch?v=0Y4kAKn6bGc,Counting Carbohydrates Using a Food Label - Diabetes Center for Children at CHOP,98,1,1,1,1,0,0,1,0,N/A,1,1,N/A,1,1,1,1,1,
https://www.youtube.com/watch?v=Ika3dP47fAo,Home remedies for urinary tract infection or UTI (urine infection) without single penny,98,1,1,1,0,0,0,1,0,N/A,1,N/A,N/A,1,1,1,N/A,1,
https://www.youtube.com/watch?v=yP9OxQM1wls,Glycemic Index Table-Glycemic Index Food List-Glycemic Index Weight Loss-G.I. Index,100,1,1,1,0,0,0,1,0,1,N/A,N/A,N/A,0,0,0,N/A,1,
https://www.youtube.com/watch?v=PLPdAD15Ndg,What Causes Diabetic Foot Ulcers?,100,1,1,1,1,0,0,1,0,N/A,1,N/A,N/A,0,0,0,N/A,0,
https://www.youtube.com/watch?v=oCGgwc1Cb9A,Fatigue; Blurred vision and Polyuria (Medical Symptom),102,1,1,1,0,0,0,0,0,1,N/A,N/A,N/A,0,0,0,N/A,0,
https://www.youtube.com/watch?v=-J8UflGeY48,What Is Pancreatitis? | Stomach Problems,103,1,1,1,1,0,0,1,0,N/A,1,N/A,N/A,0,0,0,N/A,1,
https://www.youtube.com/watch?v=4CBIYoDF288,No more Insulin Injections? Encapsulated Pancreatic Cells offer possible new Diabetes Treatment.,103,1,0,0,0,0,0,1,0,1,0,1,N/A,0,0,0,N/A,1,
https://www.youtube.com/watch?v=drDU7X4kAf8,Joslin Scientists Advance Understanding of Human Brown Adipose Tissue and Grow New Cells,104,1,0,0,1,0,0,1,0,N/A,1,N/A,N/A,0,0,0,N/A,1,
https://www.youtube.com/watch?v=FnIf3OPDBFM,Willie reduced insulin down from 72 units of insulin per day to 0 on Virta,104,1,1,1,1,0,0,1,0,N/A,1,N/A,N/A,0,0,0,N/A,0,
https://www.youtube.com/watch?v=PuF0aJS_qaw,Osteoporosis | tzds and sulfonureas more fractures than metformin,104,1,0,0,1,0,0,1,0,0,1,0,N/A,0,0,0,N/A,1,
https://www.youtube.com/watch?v=V9FDxlZ_sik,First Aid Tips : How to Treat Insulin Shock,104,1,1,1,1,0,0,1,0,N/A,1,N/A,N/A,0,0,0,N/A,1,
https://www.youtube.com/watch?v=0phXsBQW48M,Smartphone app to cure blindness - Truthloader Investigates,105,1,1,1,1,0,0,1,0,N/A,1,N/A,N/A,0,0,0,N/A,1,
https://www.youtube.com/watch?v=LMvNeaUMRlw,Korean researchers develop nanopatch to monitor diabetes,105,1,0,0,1,0,0,1,0,1,1,1,N/A,0,0,0,N/A,1,
https://www.youtube.com/watch?v=OaxRva_GajU,Call Up the Glucagon - Glycogenolysis Rap,106,1,0,0,1,0,0,0,0,1,0,1,N/A,0,0,0,N/A,0,
https://www.youtube.com/watch?v=WGw-7Y0xEV0,SECOND OPINION | MEDICAL INNOVATIONS | ARTIFICIAL PANCREAS | BCBS,106,1,1,1,1,0,0,1,0,N/A,1,1,N/A,0,0,0,N/A,0,
https://www.youtube.com/watch?v=asTNBEltQQc,Clinical Psychologist: Katherine L. Applegate; PhD,106,1,1,0,1,0,0,1,0,N/A,1,N/A,N/A,0,0,0,N/A,0,
https://www.youtube.com/watch?v=Wd5Qmjt3egI,Diabetics Have Inhalable Insulin Option,106,1,1,1,1,0,0,1,0,N/A,1,N/A,N/A,0,0,0,N/A,1,
https://www.youtube.com/watch?v=QfRpnA3CKos,Amylin Pharmaceuticals Increases Speed to Insight with 100 Million Rows,110,1,1,0,1,0,0,1,0,N/A,1,N/A,N/A,0,0,0,N/A,0,
https://www.youtube.com/watch?v=sBx5OHKW2nM,Medicare & You: End stage renal disease/kidney transplant eligibility & enrollment,110,1,1,1,1,0,0,1,0,N/A,1,N/A,N/A,0,0,0,N/A,1,
https://www.youtube.com/watch?v=RABThDFW000,Chromium; the Amazing for Insulin Resistance,111,1,1,1,1,0,0,1,0,1,1,1,N/A,1,1,0,N/A,1,
https://www.youtube.com/watch?v=Lq2taGJseak,Auto Islet Transplantation and Other Treatment Options at Ohio State‚Äôs Pancreas Clinic,111,1,1,1,1,0,0,1,0,N/A,1,N/A,N/A,0,0,0,N/A,0,
https://www.youtube.com/watch?v=xuNEnhCZFLo,Tom's story (NHS Diabetes Prevention Programme),111,1,1,1,1,0,0,1,0,N/A,1,N/A,N/A,1,1,0,N/A,1,
https://www.youtube.com/watch?v=40UJSG_B5vA,Natural Tea For Control Diabetes | Why Drinking Tea May Help Prevent and Manage Type 2 Diabetes,112,1,1,1,1,0,0,1,0,N/A,1,N/A,N/A,1,1,1,N/A,1,
https://www.youtube.com/watch?v=8CBC8vf8K_s,How To Reverse Type 2 Diabetes - Diabetic Nephropathy,113,1,1,1,1,0,0,1,0,N/A,1,N/A,N/A,0,0,0,N/A,0,
https://www.youtube.com/watch?v=1Zsyast6s9Y,What Is a Sugar Glider? | Sugar Gliders,113,1,1,0,1,0,0,1,0,N/A,1,N/A,N/A,0,0,0,N/A,0,
https://www.youtube.com/watch?v=Yhn2qguQfUM,Polydipsia; Blurred vision and Polyuria (Medical Symptom),114,1,1,1,0,0,0,0,0,1,1,N/A,N/A,0,0,0,N/A,0,
https://www.youtube.com/watch?v=sQ-0RkPu35o,Animation: Detecting diabetic retinopathy through a dilated eye exam,114,1,0,0,1,0,0,1,0,1,1,1,N/A,0,0,0,N/A,1,
https://www.youtube.com/watch?v=rPmDXv-fBRQ,Troubleshooting high blood-glucose levels ‚Äì Miriam's personal story,115,1,1,1,1,0,0,1,0,N/A,1,N/A,N/A,0,0,0,N/A,1,
https://www.youtube.com/watch?v=GZdmuwRYNAs,Early Estimation of ESRD Risk,115,1,1,1,1,0,0,1,0,1,1,1,N/A,0,0,0,N/A,1,
https://www.youtube.com/watch?v=x93I3a30FEg,Design of a Noninvasive Glucose Monitor,116,1,1,0,1,0,0,1,0,N/A,1,N/A,N/A,0,0,0,N/A,0,
https://www.youtube.com/watch?v=ZCpSiSS0Yv4,Pancreatic Auto Islet Transplantation with Total Pancreatectomy,117,1,0,1,1,0,0,1,0,1,1,1,N/A,0,0,0,N/A,1,
https://www.youtube.com/watch?v=oIyXFT6YGBE,CANVAS,118,0,0,0,1,0,0,1,0,N/A,1,N/A,N/A,0,0,0,N/A,1,
https://www.youtube.com/watch?v=Q4p6Suko25A,Fatigue and Polydipsia (Medical Symptom),119,1,1,1,0,0,0,0,0,1,N/A,N/A,N/A,0,0,0,N/A,0,
https://www.youtube.com/watch?v=LedWl2QTy40,Is Meat Good For Diabetes || Diabetes Diet Plan,119,1,1,1,1,0,0,1,0,N/A,1,N/A,N/A,0,0,0,N/A,1,
https://www.youtube.com/watch?v=JHgUzLCWqvw,B cell activation,121,1,0,0,1,0,0,1,0,1,1,1,N/A,0,0,0,N/A,1,
https://www.youtube.com/watch?v=QMzNnvkYOF0,How to Test Your Blood Glucose Level | FreeStyle Precision Neo,122,1,1,1,1,0,0,1,0,1,1,1,N/A,1,1,1,N/A,1,
https://www.youtube.com/watch?v=ufCiGz75DAk,Biology: Cell Transport,123,1,0,1,1,0,0,1,0,1,1,1,N/A,0,0,0,N/A,1,
https://www.youtube.com/watch?v=DBXgnMfVFzI,Food and Your Blood Sugar -- Lantus and Novolog - Diabetes Center for Children at CHOP,123,1,1,1,1,0,0,1,0,1,1,1,N/A,0,0,0,N/A,1,
https://www.youtube.com/watch?v=7QL2CaJFn_k,Guide to - Prescribing intermediate and/or long-acting insulin,124,0,0,0,0,0,0,1,0,0,N/A,0,N/A,0,0,0,N/A,0,
https://www.youtube.com/watch?v=29KdXZH0niA,Glycemic Load vs. Glycemic Index,124,1,1,1,1,0,0,1,0,N/A,1,N/A,N/A,0,0,0,N/A,1,
https://www.youtube.com/watch?v=SA-sug6P0fM,Polydipsia and Polyuria (Medical Symptom),125,1,1,1,0,0,0,0,0,1,N/A,N/A,N/A,0,0,0,N/A,0,
https://www.youtube.com/watch?v=u3QmJbB9lvk,New target for diabetes therapies,125,1,0,0,1,0,0,1,0,N/A,1,N/A,N/A,0,0,0,N/A,1,
https://www.youtube.com/watch?v=nDxfxIaRfQ4,Purify Your Kidneys; Liver and Pancreas Using Only One Ingredient,126,1,1,1,1,0,0,1,0,1,1,N/A,N/A,1,1,1,N/A,1,
https://www.youtube.com/watch?v=nSwBbPUUduQ,GlySure‚Ñ¢ | Continuous Glucose Monitoring System - Marketing Film,126,1,1,0,1,0,0,1,0,1,1,1,N/A,0,0,0,N/A,0,
https://www.youtube.com/watch?v=jvg8EmtWF78,Which glucose meter is the best on the market?,127,1,1,1,1,0,0,1,0,N/A,1,N/A,N/A,0,0,0,N/A,0,
https://www.youtube.com/watch?v=m3xKf7bNQ0Q,Normal Blood Sugar For Children,127,1,1,1,0,0,0,1,1,1,1,N/A,N/A,1,0,0,N/A,1,
https://www.youtube.com/watch?v=wP3Bra09rcQ,How to Deal with Gestational Diabetes,128,1,1,1,1,0,0,1,0,N/A,1,N/A,N/A,1,1,0,N/A,1,
https://www.youtube.com/watch?v=Ef-NZtTVSMM,Hyperinsulinaemia and Disseminated Arterial Disease - Part 02,130,1,0,0,1,0,0,1,0,N/A,1,N/A,N/A,0,0,0,N/A,1,
https://www.youtube.com/watch?v=f4D5IgUYn3w,Preventing Infections When Monitoring Blood Glucose,130,1,1,1,1,0,0,1,0,N/A,1,N/A,N/A,1,0,0,N/A,1,
https://www.youtube.com/watch?v=Rg-ao84fnrw,Joyful condition;;;;  insulin in your blood;;;;;?,131,0,0,0,0,0,0,0,0,N/A,0,N/A,N/A,0,0,0,N/A,0,
https://www.youtube.com/watch?v=ScjyYj7UdsM,Dr. Max Gomez: Artificial Pancreas,132,1,1,1,1,0,0,1,0,N/A,1,N/A,N/A,0,0,0,N/A,1,
https://www.youtube.com/watch?v=nTQcW7frfSw,Inhaled Insulin Is Quick & Easy To Use; But Is It A Game-Changer?,132,1,1,1,1,0,0,1,0,N/A,1,N/A,N/A,0,0,0,N/A,1,
https://www.youtube.com/watch?v=usIZ0YSQFD0,antidiabetes drugs,132,1,0,0,1,0,0,1,0,N/A,1,N/A,N/A,0,0,0,N/A,0,
https://www.youtube.com/watch?v=aVWZDhk-DVU,Diabetes Medication,133,1,0,0,0,0,0,1,0,N/A,1,N/A,N/A,0,0,0,N/A,1,
https://www.youtube.com/watch?v=ItjPn8WxVSA,Pharmacokinetics: Vd; Clearance; Half-life: Calculation Drug Distribution; Elimination; Rate,135,1,0,0,0,0,0,1,0,1,1,N/A,N/A,0,0,0,N/A,1,
https://www.youtube.com/watch?v=Ex5_Z-DpJ0A,This Remedy Is The ‚ÄúBest‚Äù For Cholesterol; Diabetes; Infections and More...,136,1,1,1,1,0,0,1,0,1,1,N/A,N/A,1,1,1,N/A,1,
https://www.youtube.com/watch?v=J4AacdAkP08,I Woke Up With Acne!,136,1,1,1,1,0,0,1,0,N/A,1,1,N/A,0,0,0,N/A,0,
https://www.youtube.com/watch?v=IVz7xJxHOjk,Improving Glycemic Control in Diabetes,137,1,0,0,1,0,0,1,0,1,1,1,N/A,0,0,0,N/A,1,
https://www.youtube.com/watch?v=Grw7zvY9gY8,What Is Peripheral Vascular Disease? | Heart Disease,137,1,1,1,1,0,0,1,0,N/A,1,N/A,N/A,0,0,0,N/A,1,
https://www.youtube.com/watch?v=KtT7zvYJekA,Medication | diabetes medicines cause arthritis,138,1,1,1,1,0,0,1,0,N/A,1,N/A,N/A,0,0,0,N/A,1,
https://www.youtube.com/watch?v=jPrElTL3rrA,Cushing's Disease,138,1,1,1,1,0,0,1,0,N/A,1,N/A,N/A,0,0,0,N/A,0,
https://www.youtube.com/watch?v=QFc-5oXgbYY,Exercise Training Alters Subcutaneous White Adipose Tissue (scWAT),139,1,0,0,1,0,0,1,0,N/A,1,N/A,N/A,0,0,0,N/A,1,
https://www.youtube.com/watch?v=IkoC3HZwe7Q,Overweight World - Obesity Facts and Statistics,140,1,1,1,1,0,0,1,0,1,1,1,N/A,0,0,0,N/A,1,
https://www.youtube.com/watch?v=mco8vQPhFho,Glucosense  ends finger pricking for people with Diabetes,140,1,1,1,1,0,0,1,0,N/A,1,1,N/A,0,0,0,N/A,0,
https://www.youtube.com/watch?v=JNUmKulUWec,Richard M. and the YMCA Diabetes Prevention Program,140,1,1,1,1,0,0,1,0,N/A,1,N/A,N/A,0,0,0,N/A,0,
https://www.youtube.com/watch?v=49OlI6LmMDU,How To Improve $exual Drive For Diabetic Patient,141,1,1,1,1,0,0,1,0,1,1,1,N/A,1,1,1,N/A,0,
https://www.youtube.com/watch?v=HvcQdJcN6mk,Inhaled Insulin Offers Alternative For Needle Weary Diabetics,142,1,1,1,1,0,0,1,0,N/A,1,N/A,N/A,0,0,0,N/A,1,
https://www.youtube.com/watch?v=XeZgKLfIJn4,How  to Give Your Diabetic Cat an Insulin Injection,142,1,1,1,1,0,0,1,0,1,1,1,N/A,1,1,1,N/A,1,
https://www.youtube.com/watch?v=H-8wC490oEs,Polydipsia (Medical Symptom),144,1,1,1,0,0,0,0,0,1,N/A,N/A,N/A,0,0,0,N/A,0,
https://www.youtube.com/watch?v=oj0pjco--Yw,Polyuria (Medical Symptom),144,1,1,1,0,0,0,0,0,1,N/A,N/A,N/A,0,0,0,N/A,0,
https://www.youtube.com/watch?v=Wa7yYFPVb6o,Observational Study Finds Sanofi‚Äôs Diabetes Drug Lowers Incidence of Hypoglycemia,144,1,0,0,1,0,0,1,0,N/A,1,N/A,N/A,0,0,0,N/A,0,
https://www.youtube.com/watch?v=LCdTfQXDK34,Why is Tony Robbins so gigantic   Acromegaly - #FOTD265,144,1,1,1,1,0,0,1,0,N/A,1,N/A,N/A,0,0,0,N/A,1,
https://www.youtube.com/watch?v=8hnvY6_Jpvg,3 Simple Home Remedies To TREAT URINARY TRACT INFECTION (UTI) In Women,146,1,1,1,1,0,0,1,0,1,1,1,N/A,1,1,1,N/A,1,
https://www.youtube.com/watch?v=l_9vgXkmVnk,Glucose Test,147,1,1,1,1,0,0,1,0,N/A,1,N/A,N/A,0,0,0,N/A,1,
https://www.youtube.com/watch?v=3NRpp1pBN2E,Cara pemakaian insulin penggunaan insulin pen,148,1,1,1,0,0,0,1,0,N/A,1,0,N/A,1,1,1,N/A,0,
https://www.youtube.com/watch?v=K4SOS9okas4,Get to Know CDC‚Äôs National Diabetes Prevention Program,151,1,1,1,1,0,0,1,0,0,1,N/A,N/A,0,0,0,N/A,1,
https://www.youtube.com/watch?v=7Au-MRjoHYQ,What is the National Diabetes Prevention Program?,151,1,1,1,1,0,0,1,0,1,1,N/A,N/A,0,0,0,N/A,1,
https://www.youtube.com/watch?v=UeXD730uIII,On the Job with the National Diabetes Prevention Program,151,1,1,1,1,0,0,1,0,1,1,N/A,N/A,0,0,0,N/A,1,
https://www.youtube.com/watch?v=bhOF3Kx8CEQ,Reversing Prediabetes,151,1,1,1,1,0,0,1,0,1,1,N/A,N/A,1,1,0,N/A,1,
https://www.youtube.com/watch?v=99CLGZNuFqE,Diabetes Self-Management Education,151,1,1,1,1,0,0,1,0,N/A,1,N/A,N/A,0,0,0,N/A,1,
https://www.youtube.com/watch?v=auIwEV1SiBQ,Fragile X Syndrome,152,1,0,0,1,0,0,1,0,1,1,1,N/A,0,0,0,N/A,1,
https://www.youtube.com/watch?v=k22zlWRzbk0,Risk Factors For Diabetes and Diabetes Type 1 Risk Factors,153,1,1,1,0,0,0,1,0,1,0,N/A,N/A,0,0,0,N/A,0,
https://www.youtube.com/watch?v=QTKS0AUbEao,NetSure LifeScan IT Asset Management By Curvature,153,1,1,1,1,0,0,1,0,1,1,1,N/A,0,0,0,N/A,0,
https://www.youtube.com/watch?v=U3z9nMMklFw,How Turmeric tea cure Diabetics? | Here is the Evidence,154,1,1,1,1,0,0,1,0,N/A,1,1,N/A,1,1,1,N/A,0,
https://www.youtube.com/watch?v=mbD2oAjPU0c,How To Prepare an Insulin Syringe to Inject a Diabetic Cat,154,1,1,1,1,0,0,1,0,N/A,1,1,N/A,1,1,1,N/A,1,
https://www.youtube.com/watch?v=7VQfOt_2XG4,Statins & Cholesterol: CoQ10 Lowers Side Effects (& diabetes; hyperglycemia risks),155,1,1,1,1,0,0,1,0,1,1,1,N/A,0,0,0,N/A,0,
https://www.youtube.com/watch?v=WjyQTmJBXFg,What is Metabolic Syndrome?,155,1,1,1,1,0,0,1,0,1,1,1,N/A,0,0,0,N/A,1,
https://www.youtube.com/watch?v=Uk6U9ROn_MU,Invokana Amputation Lawsuits: Contact the F & A Diabetes Drug Injury Lawyers,155,1,1,1,1,0,0,1,0,N/A,1,N/A,N/A,0,0,0,N/A,0,
https://www.youtube.com/watch?v=1C2WpZA_L4E,I Shit My Pants,155,1,1,1,1,0,0,1,0,N/A,0,N/A,N/A,0,0,0,N/A,0,
https://www.youtube.com/watch?v=JJoyWK58CvY,Physical Activity in Schools,156,1,1,1,1,0,0,1,0,N/A,1,1,N/A,0,0,0,N/A,0,
https://www.youtube.com/watch?v=kDF2-ScA5gw,Tell Me a Story: Teen Who Feels No Pain Counts Her Blessings,156,1,1,1,1,0,0,1,0,N/A,1,N/A,N/A,0,0,0,N/A,0,
https://www.youtube.com/watch?v=rDoCCS-fBls,5 Things that increase women's sexual desire,156,1,1,1,1,0,0,1,0,1,1,N/A,N/A,1,1,1,N/A,0,
https://www.youtube.com/watch?v=JqJaVvLO748,Signs & Symptoms of Diabetes,157,1,1,1,1,0,0,1,0,1,1,N/A,N/A,1,1,0,N/A,1,
https://www.youtube.com/watch?v=DghH1bas9SQ,Amino Diet - How Does it Work?,158,1,1,0,1,0,0,1,0,1,1,N/A,N/A,0,0,0,N/A,0,
https://www.youtube.com/watch?v=povArl9xZSg,Basal/Bolus insulin and Carbohydrates,159,1,0,0,0,0,0,1,0,1,1,1,N/A,0,0,0,N/A,1,
https://www.youtube.com/watch?v=Sev0xmmU6LI,Endocrinology - Polyuria: By Jeannette Goguen M.D.,160,1,1,1,1,0,0,1,0,1,1,1,N/A,1,1,1,N/A,1,
https://www.youtube.com/watch?v=_f-KFSSzzlk,Diabetes And Glucose? | Diabetes And High Blood Glucose | Control Your Blood Sugar Levels Naturally,161,1,1,1,1,0,0,1,0,1,1,1,N/A,0,0,0,N/A,1,
https://www.youtube.com/watch?v=iUK-odLKD-k,Diabetes Foot Care: Screening - Vascular,161,1,1,1,1,0,0,1,0,1,1,1,N/A,1,1,1,N/A,1,
https://www.youtube.com/watch?v=CJu37EU9qEk,Intro to Bodyweight Fitness,162,1,1,1,1,0,0,1,0,N/A,1,1,N/A,0,0,0,N/A,0,
https://www.youtube.com/watch?v=zLbAxztnnfE,Low Thyroid Function and Diabetes,163,1,0,0,0,0,0,1,0,1,1,1,N/A,0,0,0,N/A,0,
https://www.youtube.com/watch?v=f6HtqolhKqo,Blood pressure measurement - OSCE guide,163,1,1,1,1,0,0,1,0,1,1,1,N/A,0,0,0,N/A,1,
https://www.youtube.com/watch?v=e8c5AZFKsJ4,Dipeptidyl peptidase-4 inhibitor,164,1,0,0,0,0,0,1,0,N/A,1,N/A,N/A,0,0,0,N/A,1,
https://www.youtube.com/watch?v=EO-tN64_IvY,5 Yoga Poses For DIABETES | Lower Blood Sugar Levels,166,1,1,1,1,0,0,1,0,N/A,1,1,N/A,1,1,1,N/A,1,
https://www.youtube.com/watch?v=wH6aT1GzY6w,How to Drink Baking Soda; The Natural Remedy  | Drinking Baking Soda For Health,166,1,1,1,1,0,0,1,0,N/A,1,1,N/A,1,1,1,N/A,1,
https://www.youtube.com/watch?v=dPomv-2PEeo,I CAN'T BELIEVE IT WORKS - Natural Trick For Diabetes Control || BOILED EGG,167,1,1,1,1,0,0,1,0,N/A,1,1,N/A,1,1,1,N/A,0,
https://www.youtube.com/watch?v=_P7nLJWuvks,Only 30 Days Your Blood Sugar Levels Will be Normal | Diabetes Diet,168,1,1,1,1,0,0,1,0,N/A,1,1,N/A,1,1,1,N/A,0,
https://www.youtube.com/watch?v=3R6gfAa2w8w,Impaired glucose tolerance,169,1,0,0,0,0,0,1,0,N/A,1,N/A,N/A,0,0,0,N/A,1,
https://www.youtube.com/watch?v=fIsuxH01R90,Home Remedies for Diabetes Kill Diabetes Forever In Just 8 Days Easy And Faster,169,1,1,1,1,0,0,1,0,N/A,1,1,N/A,1,1,1,N/A,0,
https://www.youtube.com/watch?v=UTuF58aK5po,Guide to - Prescribing short-acting insulin,170,1,0,0,0,0,0,1,0,0,1,0,N/A,0,0,0,N/A,0,
https://www.youtube.com/watch?v=zsVRO4IZoFw,NO MEDICINE NECESSARY FOR DIABETES - Cure Diabetes,171,1,1,1,1,0,0,1,0,N/A,1,1,N/A,1,1,1,N/A,0,
https://www.youtube.com/watch?v=tG0ck_xE07M,I Was Never Skinny Enough,174,1,1,1,1,0,0,1,0,N/A,1,1,N/A,0,0,0,N/A,1,
https://www.youtube.com/watch?v=mLmKq5bQOg0,Myocardial Infarction and Coronary Angioplasty Treatment; Animation.,174,1,0,0,1,0,0,1,0,N/A,1,1,N/A,0,0,0,N/A,1,
https://www.youtube.com/watch?v=ayuVb9-nFVo,IGF-1 as One-Stop Cancer Shop,176,1,0,0,1,0,0,1,0,1,1,1,N/A,0,0,0,N/A,1,
https://www.youtube.com/watch?v=dKYxRDO2G_0,Living With Diabetes and Without Junk Food,176,1,1,1,1,0,0,1,0,N/A,1,1,N/A,1,0,0,N/A,1,
https://www.youtube.com/watch?v=1EEJ1Hm66mg,Turmeric Curcumin for Prediabetes,176,1,1,1,1,0,0,1,0,1,1,1,N/A,1,1,0,N/A,1,
https://www.youtube.com/watch?v=VJgnv314808,Postprandial glucose test,178,1,0,0,0,0,0,1,0,N/A,1,N/A,N/A,0,0,0,N/A,1,
https://www.youtube.com/watch?v=wvMoHXD3agg,IRIS: Pioglitazone Reduced the Risk of Recurrent Stroke and MI for Study Patients,178,1,0,0,1,0,0,1,0,N/A,1,N/A,N/A,0,0,0,N/A,1,
https://www.youtube.com/watch?v=YICvHsKmjzY,Group and Team Activities - Lifelong Physical Activity,178,1,1,1,1,0,0,1,0,N/A,1,N/A,N/A,0,0,0,N/A,0,
https://www.youtube.com/watch?v=p0VF1FjLt-U,URINE ANALYSIS: Presence of PROTEIN in urine,179,1,0,0,0,0,0,0,0,1,N/A,1,N/A,0,0,0,N/A,0,
https://www.youtube.com/watch?v=18japm2PugI,Pre-Diabetes and Diabetes: Prevention; Screening and Risk Factors,181,1,1,1,1,0,0,1,0,N/A,1,N/A,N/A,1,1,0,N/A,1,
https://www.youtube.com/watch?v=nMoJ7TZN7l8,Diabetes and migraines an unlikely combination - #FOTD336,182,1,1,1,1,0,0,1,0,1,1,1,N/A,0,0,0,N/A,1,
https://www.youtube.com/watch?v=EipqFlmxCkM,Do I Have Hypoglycemia or Hyperglycemia?,183,1,1,1,1,0,0,1,0,N/A,1,N/A,N/A,0,0,0,N/A,0,
https://www.youtube.com/watch?v=nJfB32MtqBA,Hepatic lobule | Gastrointestinal system physiology | NCLEX-RN | Khan Academy,185,1,0,0,1,0,0,1,0,1,1,1,N/A,0,0,0,N/A,1,
https://www.youtube.com/watch?v=wbShOXhO6p8,Heart Attack Due to Atherosclerosis,185,1,0,0,0,0,0,1,0,N/A,1,1,N/A,0,0,0,N/A,1,
https://www.youtube.com/watch?v=-eg-MHdoJ_Q,Detection of Sugar in Urine - MeitY OLabs,188,1,0,0,0,0,0,1,1,1,1,1,N/A,1,0,1,N/A,1,
https://www.youtube.com/watch?v=IVH_6ciQfZk,Endocrinology - Hirsutism and Hypertrichosis: By Joshua Lakoff M.D.,191,1,1,1,1,0,0,1,0,1,1,1,N/A,0,0,0,N/A,0,
https://www.youtube.com/watch?v=a58oCExOxpw,YMCA Diabetes Prevention Program:  ‚ÄúIt Will Truly Change Your Life.‚Äù,191,1,1,1,1,0,0,1,0,N/A,1,N/A,N/A,0,0,0,N/A,0,
https://www.youtube.com/watch?v=GDlPAQakzo4,Heighten Your Senses By Simulating Blindness!,191,1,1,1,1,0,0,1,0,N/A,1,N/A,N/A,0,0,0,N/A,0,
https://www.youtube.com/watch?v=KReNoBISy3A,Where to Begin - Teaching ABE Students with Vision Loss and Blindness,191,1,1,1,1,0,0,1,0,N/A,1,N/A,N/A,0,0,0,N/A,0,
https://www.youtube.com/watch?v=cmUXo4Crrm0,How to Inject Insulin,192,1,1,1,1,0,0,1,0,N/A,1,1,N/A,1,1,1,N/A,1,
https://www.youtube.com/watch?v=numUKaH34rQ,My Eating Disorder Story,193,1,1,1,1,0,0,1,0,N/A,1,N/A,N/A,0,0,0,N/A,1,
https://www.youtube.com/watch?v=TBv3xQUGsXA,Healthy Diabetes Diet Tips,194,1,1,1,1,0,0,1,0,0,1,N/A,N/A,1,1,0,N/A,0,
https://www.youtube.com/watch?v=pD7YdUdEHdw,Diabetes Type 2 - Medication - Metformin; Glimepiride; Rosiglitazone & Insulin,195,1,0,0,1,0,0,1,0,N/A,1,N/A,N/A,0,0,0,N/A,1,
https://www.youtube.com/watch?v=HGuGIM54pK4,IF YOU STILL SUFFER FROM DIABETES AND HEART DISEASE TRY THESE -  NATURAL CURE FOR DIABETES,196,1,1,1,0,0,0,1,0,1,1,1,N/A,1,1,1,N/A,0,
https://www.youtube.com/watch?v=EAuf42kd8Aw,Did I Bleach My Skin? | Part 1,199,1,1,1,1,0,0,1,0,N/A,1,N/A,N/A,0,0,0,N/A,0,
https://www.youtube.com/watch?v=hfLn2N8KepM,Islet Transplant,199,1,0,0,1,0,0,1,0,N/A,1,N/A,N/A,0,0,0,N/A,0,
https://www.youtube.com/watch?v=52sEiZzYP0I,New Device Helping Diabetics Track Blood Sugar Without Fingersticks,200,1,1,1,1,0,0,1,0,N/A,1,N/A,N/A,0,0,0,N/A,0,
https://www.youtube.com/watch?v=8dgoeYPoE-0,What does the pancreas do? - Emma Bryce,201,1,1,1,1,0,0,1,0,1,1,1,N/A,0,0,0,N/A,1,
https://www.youtube.com/watch?v=nmWtsPzd-GQ,#24.4 Diagnosing Diabetes in Older Adults: Diabetes (4 of 6),201,1,1,1,1,0,0,1,0,N/A,1,N/A,N/A,1,1,0,N/A,1,
https://www.youtube.com/watch?v=kBQEuP5V-Pk,Myocardial Infarction Definition and Symptoms,203,1,1,1,1,0,0,1,0,N/A,1,N/A,N/A,0,0,0,N/A,1,
https://www.youtube.com/watch?v=nSuBzZR6llY,Acanthosis Nigricans [DermTV.com Epi #452],204,1,1,1,1,0,0,1,0,N/A,1,N/A,N/A,0,0,0,N/A,1,
https://www.youtube.com/watch?v=87TCC0iWB3Q,5 Early Symptoms of Diabetes |  Diabetes Skin Problems | What Causes Diabetes |  Skin Care Routine,205,1,1,1,1,0,0,1,0,1,1,1,N/A,0,0,0,N/A,1,
https://www.youtube.com/watch?v=xlxVZhjfo6s,Mike's Prediabetes Journey | Type 2 Diabetes Prevention | Ad Council,206,1,1,1,1,0,0,1,0,N/A,1,N/A,N/A,0,0,0,N/A,0,
https://www.youtube.com/watch?v=Lv4r-P6H7bU,Normal Blood Glucose Levels - What Should YOURS Be?,208,1,1,1,1,0,0,1,0,N/A,1,N/A,N/A,0,0,0,N/A,0,
https://www.youtube.com/watch?v=AssXudMGZ8A,Does The Glycemic Index Matter For Bodybuilding & Fat Loss?,208,1,1,1,1,0,0,1,0,N/A,1,N/A,N/A,1,1,0,N/A,1,
https://www.youtube.com/watch?v=OMn8Tq5Eyao,The Importance of Intensity in Physical Activity,208,1,1,1,1,0,0,1,0,1,1,1,N/A,0,0,0,N/A,1,
https://www.youtube.com/watch?v=tTM1oaEWoEc,NCLEX Question Review - NPH Insulin,209,1,0,0,0,0,0,1,0,1,1,N/A,N/A,0,0,0,N/A,1,
https://www.youtube.com/watch?v=a4gT5s-SXSc,Glycogenolysis,210,1,0,0,0,0,0,1,0,N/A,1,1,N/A,0,0,0,N/A,1,
https://www.youtube.com/watch?v=YtrM9STzEjo,AVOID DIABETES - 8 Easy Ways To Prevent Diabetes || Free Diabetes,210,1,1,1,1,0,0,1,0,N/A,0,N/A,N/A,1,0,1,N/A,0,
https://www.youtube.com/watch?v=IMPzAdVOhKY,Casey‚Äôs Acromegaly Story: Living with Acromegaly as a Chronic Condition,210,1,1,1,1,0,0,1,0,N/A,1,N/A,N/A,0,0,0,N/A,0,
https://www.youtube.com/watch?v=t32eoUB42rw,Are Artificial Sweeteners REALLY Safe?,211,1,1,1,1,0,0,1,0,N/A,1,N/A,N/A,0,0,0,N/A,1,
https://www.youtube.com/watch?v=KJDNHjJgbD8,Hypoglycemia; hyperglycemia; blood sugar levels,212,1,1,1,1,0,0,1,0,1,1,1,N/A,0,0,0,N/A,1,
https://www.youtube.com/watch?v=_1uqL32ASRE,Signs and Symptms of Hyperglycemia (High Blood Sugar),214,1,1,1,1,0,0,1,0,N/A,0,N/A,N/A,1,1,0,N/A,0,
https://www.youtube.com/watch?v=_JfEDVR5er0,Is Exercise Good For Diabetes,214,1,1,1,1,0,0,1,0,1,1,1,N/A,1,0,0,N/A,1,
https://www.youtube.com/watch?v=NwBzGfKY_gE,What is diabetic ketoacidosis (DKA)? - DiaBiteSize,215,1,1,1,1,0,0,1,0,N/A,1,1,N/A,1,1,0,N/A,1,
https://www.youtube.com/watch?v=RQCq-FzeYgA,4 Powerful Herbs to Boost Your Sex Drive | Natures Libido Booster,217,1,1,1,1,0,0,1,0,1,1,1,N/A,1,1,1,N/A,1,
https://www.youtube.com/watch?v=fUkKK1BvPvg,2 Investigators: The Black Market For Diabetes Test Strips,219,1,1,1,1,0,0,1,0,N/A,1,N/A,N/A,0,0,0,N/A,0,
https://www.youtube.com/watch?v=S09YWIykt2Y,Urinary Tract Infections in Children (UTIs),220,1,1,1,1,0,0,1,0,N/A,1,N/A,N/A,0,0,0,N/A,1,
https://www.youtube.com/watch?v=sRxqRU6CCJA,Cure For Diabetes - Is the Pancreatic Islet Transplantation a Feasible Cure For Diabetes,222,1,1,1,0,0,0,1,0,N/A,1,N/A,N/A,0,0,0,N/A,1,
https://www.youtube.com/watch?v=_9hPFlSnnNk,Polydipsia,223,1,0,0,0,0,0,1,0,N/A,1,N/A,N/A,0,0,0,N/A,1,
https://www.youtube.com/watch?v=XK0r8kINlTw,Take 2 Spoons Daily Kill Diabetes Permanently,225,1,1,1,1,0,0,1,0,N/A,1,1,N/A,1,1,1,N/A,1,
https://www.youtube.com/watch?v=i90i0YXq5aA,Function of the Pancreas & Pancreatic Disorders - Kambiz Kosari; MD,225,1,1,1,1,0,0,1,0,N/A,1,1,N/A,0,0,0,N/A,1,
https://www.youtube.com/watch?v=9mp8YkNqbBE,How To Lower Blood Pressure Quickly - Quick Natural Way To Lower Your BP,225,1,1,1,1,0,0,1,0,N/A,1,1,N/A,1,1,1,N/A,0,
https://www.youtube.com/watch?v=XfyGv-xwjlI,Diabetes Type 1 and Type 2; Animation.,226,1,1,1,0,0,0,1,0,1,1,1,N/A,0,0,0,N/A,1,
https://www.youtube.com/watch?v=qvhHhDNjtxM,Beginner Body Weight Circuit Workout | Nerd Fitness,226,1,1,1,1,0,0,1,0,N/A,1,N/A,N/A,1,1,1,N/A,0,
https://www.youtube.com/watch?v=9A3gDnv56bs,Quickly Bring Down My Blood Glucose #DiabetesCareClub,228,1,1,1,1,0,0,1,0,N/A,1,1,N/A,1,1,1,N/A,1,
https://www.youtube.com/watch?v=Pdec8clsV7Q,A Harmless Artificial Sweetener,228,1,1,1,0,0,0,1,0,1,1,1,N/A,0,0,0,N/A,1,
https://www.youtube.com/watch?v=B6jI_B8ExIs,Eat These 9 Foods To Prevent Strokes; Heart Attacks & Diabetes!,228,1,1,1,1,0,0,1,0,N/A,1,1,N/A,1,1,0,N/A,1,
https://www.youtube.com/watch?v=qG3OyONVbEQ,Risk Factors for Heart Disease: Diabetes,232,1,1,1,1,0,0,1,0,1,1,1,N/A,1,1,0,N/A,1,
https://www.youtube.com/watch?v=MMwdz1kLsFU,Treating Painful Diabetic Wounds and Ulcers,232,1,1,1,1,0,0,1,0,N/A,1,1,N/A,0,0,0,N/A,1,
https://www.youtube.com/watch?v=sT5SmIM60zo,Wearable Artificial Kidney (WAK) may replace Dialysis for Patients with End-Stage Renal Disease,233,1,0,0,0,0,0,1,0,1,0,1,N/A,0,0,0,N/A,0,
https://www.youtube.com/watch?v=VLOKMjHEyhY,Calisthenics Explained - Are Bodyweight Exercises Good For Building Muscle?,235,1,1,1,1,0,0,1,0,1,1,1,N/A,1,1,0,N/A,1,
https://www.youtube.com/watch?v=St9r4pc2QmE,Diagnosing and Treating Autonomic Disorder at Stanford - Marc Laderriere's story,237,1,1,1,1,0,0,1,0,N/A,1,N/A,N/A,0,0,0,N/A,0,
https://www.youtube.com/watch?v=32F2hQTncQ0,Tingling Feet and Hands: An Early Warning of Neuropathy,237,1,1,1,0,0,0,1,0,N/A,1,N/A,N/A,0,0,0,N/A,1,
https://www.youtube.com/watch?v=Z67NI1jq230,Blood Calcium Regulation,238,1,1,1,0,0,0,1,0,1,1,1,N/A,0,0,0,N/A,1,
https://www.youtube.com/watch?v=9ccIlIId_R0,Living Boldly With Blindness - David Toro,238,1,1,1,1,0,0,1,0,N/A,1,N/A,N/A,0,0,0,N/A,0,
https://www.youtube.com/watch?v=9IaRuSxJO-8,My Metabolic Syndrome,238,1,1,1,1,0,0,1,0,N/A,1,N/A,N/A,0,0,0,N/A,1,
https://www.youtube.com/watch?v=w7Nq9uQJOXE,Chronic Pancreatitis,239,1,0,0,1,0,0,1,0,1,1,1,N/A,0,0,0,N/A,1,
https://www.youtube.com/watch?v=UtLtPgYc0mk,Are Artificial Sweeteners Unhealthy? (Effects of Aspartame),240,1,1,1,1,0,0,1,0,1,1,1,N/A,0,0,0,N/A,1,
https://www.youtube.com/watch?v=-y6NkP_VaAQ,5 Must-Know Facts about PCOS,242,1,1,1,1,0,0,1,0,1,1,1,N/A,0,0,0,N/A,1,
https://www.youtube.com/watch?v=JkgXZ5EPwDA,Living Healthy:  Clinical Trials for Lung cancer,243,1,0,0,1,0,0,1,0,N/A,1,N/A,N/A,0,0,0,N/A,1,
https://www.youtube.com/watch?v=hhWGKAcHbO8,Diabetic Foot Ulcer Pictures; Treatment and Symptoms,243,1,1,1,0,0,0,1,0,N/A,1,1,N/A,0,0,0,N/A,0,
https://www.youtube.com/watch?v=froHNJMELT0,Increase Your Physical Activity,244,1,1,1,1,0,0,1,0,N/A,1,N/A,N/A,1,1,1,N/A,1,
https://www.youtube.com/watch?v=-IaysvX1L8U,Medical School - Diagnosing Diabetes,246,1,1,1,1,0,0,1,0,1,1,N/A,N/A,0,0,0,N/A,1,
https://www.youtube.com/watch?v=eawWLRnX_gc,Diabetes Emergency - Glucagon Kit Demonstration,247,1,1,1,1,0,0,1,0,N/A,1,1,N/A,1,1,1,N/A,1,
https://www.youtube.com/watch?v=J1TorkgpgY0,Do I Need Diabetes Medication,247,1,1,1,1,0,0,1,0,1,1,1,N/A,1,0,0,N/A,1,
https://www.youtube.com/watch?v=hv0bBW_Ah0Y,Diabetes Prevention Program,247,1,1,1,1,0,0,1,0,1,1,N/A,N/A,0,0,0,N/A,1,
https://www.youtube.com/watch?v=gGeLxjgUNG4,Could a blind eye regenerate? - David Davila,247,1,1,1,1,0,0,1,0,1,1,1,N/A,0,0,0,N/A,1,
https://www.youtube.com/watch?v=vhF1aEOaIzw,Is Cranberry Juice Good for You?,247,1,1,1,1,0,0,1,0,N/A,1,N/A,N/A,1,1,0,N/A,1,
https://www.youtube.com/watch?v=Ows34T0UjsM,DIABETES TIPS AND TRICKS: MAKE YOUR DEXCOM SENSOR LAST LONGER!,248,1,1,1,1,0,0,1,0,N/A,1,N/A,N/A,1,1,1,N/A,1,
https://www.youtube.com/watch?v=HRTKfRXwBTg,Plant-Based Diets for Diabetes,249,1,1,1,1,0,0,1,0,1,1,1,N/A,1,1,0,N/A,1,
https://www.youtube.com/watch?v=X_e8bXcS1BA,Best Blood Test Strip Reviews 2017 ‚Äì How to Choose the Best Blood Test Strip,252,1,1,1,1,0,0,1,0,1,1,1,N/A,0,0,0,N/A,0,
https://www.youtube.com/watch?v=qYBou4o9vNI,Histology of the Pancreas: Endocrine and Exocrine,253,1,0,0,0,0,0,1,1,1,1,1,N/A,0,0,0,N/A,1,
https://www.youtube.com/watch?v=JMknA_CCnW4,Discharge: Subcutaneous Injection; Patient Education  PostCare‚Ñ¢ Recovery Video,259,1,1,1,1,0,0,1,0,1,1,1,N/A,1,1,1,N/A,1,
https://www.youtube.com/watch?v=cZdh9Xa3lhU,Hemoglobina glicosilada; glucosilada o glicada (HbA1c) y diabetes,261,1,0,0,1,0,0,1,0,1,1,1,N/A,0,0,0,N/A,1,
https://www.youtube.com/watch?v=Gfr364SyQcg,What Kind of Tea is Good for Diabetes?,262,1,1,1,1,0,0,1,0,1,1,N/A,N/A,0,0,0,N/A,1,
https://www.youtube.com/watch?v=910K7B_1b6I,Hypoglycemia - Causes; Symptoms And Treatment,262,1,1,1,0,0,0,1,0,1,0,N/A,N/A,1,1,0,N/A,1,
https://www.youtube.com/watch?v=Aoy3ZCZwbeo,Does Everyone With Prediabetes Eventually Get Diabetes?,262,1,1,1,1,0,0,1,0,1,1,N/A,N/A,0,0,0,N/A,1,
https://www.youtube.com/watch?v=MsGmoVknaZQ,Alpha-glucosidase inhibitor,263,1,0,0,0,0,0,1,0,N/A,0,N/A,N/A,0,0,0,N/A,1,
https://www.youtube.com/watch?v=bbqOggZHtaM,How to Prevent Prediabetes from Turning into Diabetes,263,1,1,1,1,0,0,1,0,1,1,1,N/A,1,1,0,N/A,1,
https://www.youtube.com/watch?v=hkrK-vg7KD4,Endocrinology ‚Äì Hypoglycemia: By Robyn Houlden M.D.,263,1,1,1,0,0,0,1,0,1,1,1,N/A,0,0,0,N/A,1,
https://www.youtube.com/watch?v=mjnseqLiVXM,Bodyweight Back Workout (NO PULLUP BAR!),266,1,1,1,1,0,0,1,0,N/A,1,1,N/A,1,1,1,N/A,0,
https://www.youtube.com/watch?v=TJ7EagZKN5w,8 Things That Happen In Your Body If You Only Drink Water For A Month,266,1,1,1,0,0,0,1,0,1,0,N/A,N/A,0,0,0,N/A,1,
https://www.youtube.com/watch?v=jwD7bJrYH6U,Recurrent Urinary Tract Infections (UTIs): Here's What You Need to Know,266,1,1,1,1,0,0,1,0,1,1,N/A,N/A,1,1,0,N/A,1,
https://www.youtube.com/watch?v=imZwSsB6eGo,Great Indian Medicine For Diabetes,267,1,1,1,0,0,0,1,0,N/A,1,1,N/A,1,1,1,N/A,1,
https://www.youtube.com/watch?v=ayd0yO-yNZ4,Exercise and Type 2 Diabetes Prevention - (New) Timing & P.A.C.E.,267,1,1,1,0,0,0,1,0,1,1,N/A,N/A,1,1,0,N/A,1,
https://www.youtube.com/watch?v=1WrdzNJ4A44,Detection of Sugar in Urine - MeitY OLabs,268,1,0,0,0,0,0,1,0,N/A,0,1,N/A,0,0,0,N/A,0,
https://www.youtube.com/watch?v=L77b57erQ4M,The 10's Beginner Workout (Body Weight Only),272,1,1,1,1,0,0,1,0,N/A,1,N/A,N/A,1,1,0,N/A,0,
https://www.youtube.com/watch?v=Ab9OZsDECZw,How blood pressure works - Wilfred Manzano,272,1,1,1,1,0,0,1,0,1,1,1,N/A,0,0,0,N/A,1,
https://www.youtube.com/watch?v=geO2L3fzF5g,AHA/ADA Scientific Statement: Type 1 Diabetes Mellitus and Cardiovascular Disease,272,1,1,1,1,0,0,1,0,N/A,1,N/A,N/A,0,0,0,N/A,1,
https://www.youtube.com/watch?v=QSXWXPWUWEc,Diabetes Frequently Asked and Question - Part 2,273,1,1,1,0,0,0,1,0,1,1,1,N/A,1,1,1,N/A,1,
https://www.youtube.com/watch?v=596LMJTJFsk,Diabetes Medication,273,1,0,0,0,0,0,1,0,N/A,1,N/A,N/A,0,0,0,N/A,1,
https://www.youtube.com/watch?v=2Uw0sFgkeqY,Human Physiology - Proximal Convoluted Tubule: Reabsorption of Na; Glucose; Amino Acids and Chloride,275,1,0,0,1,0,0,1,0,1,1,1,N/A,0,0,0,N/A,1,
https://www.youtube.com/watch?v=F8UGIKR3okA,Primary polydipsia,275,1,0,0,0,0,0,1,0,N/A,0,N/A,N/A,0,0,0,N/A,1,
https://www.youtube.com/watch?v=Op8K7yresDs,How to Use an Insulin Pen | Inject Insulin Pen,276,1,1,1,0,1,1,1,0,1,1,1,N/A,1,1,1,N/A,1,
https://www.youtube.com/watch?v=dpNpHXB52ak,Sitagliptin,278,1,0,0,0,0,0,1,0,N/A,1,N/A,N/A,0,0,0,N/A,1,
https://www.youtube.com/watch?v=xchGJ4UxCPE,Is Prediabetes The Same Thing As Impaired Glucose Tolerance Or Impaired Fasting Glucose?,279,1,1,1,1,0,0,1,0,1,1,1,N/A,0,0,0,N/A,1,
https://www.youtube.com/watch?v=eOhz3cGmlaw,How to Lower Your Blood Pressure Naturally,282,1,1,1,1,0,0,1,0,N/A,1,N/A,N/A,1,1,0,N/A,1,
https://www.youtube.com/watch?v=FkkK5lTmBYQ,Insulin Signaling (Signal Pathways),283,1,0,0,1,0,0,1,0,1,1,1,N/A,0,0,0,N/A,1,
https://www.youtube.com/watch?v=nTyL81Ls3ys,PreDiabetes Risk Factors and Type 2 Diabetes Risk Factors Pre diabetes,283,1,1,1,0,0,0,1,0,N/A,0,N/A,N/A,0,0,0,N/A,1,
https://www.youtube.com/watch?v=lEutFrar1dI,Physical Activity Guidelines -- Introduction,283,1,1,1,1,0,0,1,0,N/A,1,N/A,N/A,1,1,1,N/A,1,
https://www.youtube.com/watch?v=wCN-6ZiTmu0,Extreme Anorexic Returns from Rehab,284,,,,,,,,,,,,,,,,,,
https://www.youtube.com/watch?v=74s6eiBBBFU,What Causes Hypoglycemia?,284,1,1,1,1,0,0,1,0,1,1,1,N/A,0,0,0,N/A,1,
https://www.youtube.com/watch?v=RycF0ub2Al0,Hormone concentration metabolism and negative feedback | NCLEX-RN | Khan Academy,287,1,0,0,1,0,0,1,0,1,1,1,N/A,0,0,0,N/A,1,
https://www.youtube.com/watch?v=_KndwmMEwXA,Impaired fasting glucose,287,1,1,1,0,0,0,1,0,N/A,0,N/A,N/A,1,0,0,N/A,1,
https://www.youtube.com/watch?v=e_oUWPdb9xM,What Are The Risk Factors For Getting Prediabetes?,287,1,1,1,1,0,0,1,0,1,1,N/A,N/A,0,0,0,N/A,1,
https://www.youtube.com/watch?v=LvaVsnHbIbI,#1 Diet Tip for Hypoglycemia (Low Blood Sugar),287,1,1,1,1,0,0,1,0,1,1,1,N/A,1,1,1,N/A,1,
https://www.youtube.com/watch?v=ISn43u0BiEo,Risk factors for diabetes Type 1 and type 2 ‚ö´healthcare‚òëÔ_è,288,1,1,1,0,0,0,1,0,N/A,0,1,N/A,0,0,0,N/A,1,
https://www.youtube.com/watch?v=AoHvkrcr6EM,How to Prevent Blood Sugar and Triglyceride Spikes after Meals,288,1,1,1,1,0,0,1,0,1,1,1,N/A,1,1,0,N/A,1,
https://www.youtube.com/watch?v=Usnu2ySuhcU,Traci's Acromegaly Story: How to Return to a Life of Normalcy,289,1,1,1,1,0,0,1,0,N/A,1,N/A,N/A,0,0,0,N/A,0,
https://www.youtube.com/watch?v=WYa2xthIbDc,Insulin Resistance? What Is It And How We Can Heal,291,1,1,1,1,0,0,1,0,1,0,1,N/A,1,1,0,N/A,1,
https://www.youtube.com/watch?v=9iMGFqMmUFs,What would happen if you didn‚Äôt drink water? - Mia Nacamulli,292,1,1,1,1,0,0,1,0,N/A,1,N/A,N/A,0,0,0,N/A,1,
https://www.youtube.com/watch?v=7-cGz2eLyb4,PostCare‚Ñ¢ Diabetes Center: Injecting Insulin,294,1,1,1,1,0,0,1,0,N/A,1,1,N/A,1,1,1,N/A,1,
https://www.youtube.com/watch?v=oozg7j3qpEY,INSULIN PUMPS ON THE BEACH IN MEXICO // travel with me T1D,294,1,1,1,1,0,0,1,0,N/A,1,N/A,N/A,1,1,1,N/A,1,
https://www.youtube.com/watch?v=CM1u29BeqC0,Lead: The Original Artificial Sweetener,294,1,1,1,1,0,0,1,0,N/A,1,N/A,N/A,0,0,0,N/A,1,
https://www.youtube.com/watch?v=Aw8hufhIDu0,What Causes Insulin Resistance?,296,1,1,1,1,0,0,1,0,1,1,1,N/A,0,0,0,N/A,1,
https://www.youtube.com/watch?v=BFUis11qaQU,10 Early Warning Signs Your Estrogen Levels Are Too High & How To Fix It,296,1,1,1,1,1,0,1,0,N/A,1,N/A,N/A,1,1,1,N/A,1,
https://www.youtube.com/watch?v=8nEmsR68FhA,Bodyweight Exercise Technique for Mass! (INTERMITTENT ISOMETRICS),297,1,1,1,1,0,0,1,0,N/A,1,1,N/A,1,1,1,N/A,0,
https://www.youtube.com/watch?v=341CnFGQwH4,Symptoms of Prediabete: How Do I Know I Have Prediabetes?,297,1,1,1,1,0,0,1,0,1,1,N/A,N/A,0,0,0,N/A,1,
https://www.youtube.com/watch?v=1p1cMFscF8s,Hypokalemia: Causes; Symptoms; Effects on the Heart; Pathophysiology; Animation.,299,1,1,1,0,0,0,1,0,1,1,1,N/A,0,0,0,N/A,1,
https://www.youtube.com/watch?v=z_3S2_41_FE,What BMI doesn't tell you about your health,300,1,1,1,1,0,0,1,0,1,1,1,N/A,0,0,0,N/A,1,
https://www.youtube.com/watch?v=53WxEvd7-_w,Polycystic Ovary Syndrome Treatments | Getting Pregnant with PCOS,301,1,1,1,1,1,0,1,0,1,1,1,N/A,1,1,1,N/A,1,
https://www.youtube.com/watch?v=iGK0rHkOoVA,How to Start Calisthenics - Beginner Bodyweight Workout Examples,306,1,1,1,1,1,1,1,0,1,1,1,N/A,1,1,1,N/A,1,
https://www.youtube.com/watch?v=s3wUYhJmdbA,Put Down the Diet Soda! The Dangers of Artificial Sweeteners-Transformation TV-Episode #005,307,1,1,1,1,0,0,1,0,N/A,1,N/A,N/A,0,0,0,N/A,1,
https://www.youtube.com/watch?v=-32U9eU1hdM,Hyperkalemia: Causes; Effects on the Heart; Pathophysiology; Treatment; Animation.,310,1,1,1,0,0,0,1,0,1,1,1,N/A,0,0,0,N/A,1,
https://www.youtube.com/watch?v=RV_lBWGgK1o,Why Is It Important To Know If A Person Has Prediabetes?,310,1,1,1,1,0,0,1,0,1,1,N/A,N/A,0,0,0,N/A,1,
https://www.youtube.com/watch?v=-y5VJLFEDfE,Can Vinegar Help with Blood Sugar Control ?|Dr Michael Greger,310,1,1,1,1,0,0,1,1,0,1,1,N/A,0,0,0,N/A,1,
https://www.youtube.com/watch?v=-vNVG7XJpVE,What is obesity? - Mia Nacamulli,311,1,1,1,1,0,0,1,0,N/A,1,1,N/A,0,0,0,N/A,1,
https://www.youtube.com/watch?v=Oyy-3yAwcvo,Jim‚Äôs Acromegaly Story: Riding the Acromegaly Rollercoaster,311,1,1,1,1,0,0,1,0,N/A,1,N/A,N/A,0,0,0,N/A,0,
https://www.youtube.com/watch?v=BF7N0LPdItk,Effects of Early Life Experience on Diabetes Risk: Genetics/Epigenetics,312,1,1,1,1,1,1,1,0,1,1,1,N/A,0,0,0,N/A,1,
https://www.youtube.com/watch?v=VAweyqtb7D8,Lipotoxicity: How Saturated Fat Raises Blood Sugar,312,1,1,1,1,0,0,1,0,N/A,1,1,N/A,0,0,0,N/A,1,
https://www.youtube.com/watch?v=L-a-dKhuYj8,Should Women With High Testosterone Be Allowed To Compete In Sports?,314,1,1,1,1,0,0,1,0,N/A,1,N/A,N/A,0,0,0,N/A,0,
https://www.youtube.com/watch?v=pgUA4ScsRWQ,Artificial Sweeteners - Safe or Dangerous?,314,1,1,1,1,0,0,1,0,N/A,1,1,N/A,1,0,1,N/A,1,
https://www.youtube.com/watch?v=fRZduVxlP_U,What Causes Insulin Resistance?,315,1,1,0,1,0,0,1,0,N/A,1,1,N/A,0,0,0,N/A,1,
https://www.youtube.com/watch?v=qFFPcIcAUUs,Sports Gender Controversy - Bonus Scene | Gender Revolution,315,1,1,1,1,0,0,1,0,N/A,1,N/A,N/A,0,0,0,N/A,0,
https://www.youtube.com/watch?v=Bkji1VNnolA,Making Beta Cells,317,1,1,1,1,0,0,1,0,N/A,1,1,N/A,0,0,0,N/A,1,
https://www.youtube.com/watch?v=wbWL2wfvsM8,Electrochemical gradients and secondary active transport | Khan Academy,317,1,0,0,1,0,0,1,0,1,1,1,N/A,0,0,0,N/A,1,
https://www.youtube.com/watch?v=It6Eblem5Zg,Can Vinegar Help with Blood Sugar Control?,317,1,0,1,0,0,0,0,0,0,0,0,0,1,0,0,1,4,
https://www.youtube.com/watch?v=uia5mqvTeh4,Lose Some Weight,317,0,1,0,0,0,0,0,1,1,1,1,0,1,0,1,0,7,
https://www.youtube.com/watch?v=MdXWF-vvQMc,ŸÜŸÇÿßÿ®ÿ© ÿßŸÑÿµŸäÿßÿØŸÑÿ© ÿßŸÑŸÖÿµÿ±Ÿäÿ© ÿ™ÿ_ÿßŸÑÿ® ÿ®ÿ_ÿ_ÿ® ÿ£ÿØŸàŸäÿ© ÿßŸÑÿ®ÿßŸäŸàÿ¨ŸÑŸäÿ™ÿßÿ_ŸàŸÜ pioglitazone|Health Online,317,0,0,0,0,0,0,0,0,0,0,0,0,0,0,0,0,0,
https://www.youtube.com/watch?v=X2rOWkOcq9I,(CC) Antihyperlipidemics Atorvastatin vs Fenofibrate vs Nicotinic Acid vs Colesevelam (Ch 6 Cardio),318,0,0,0,0,0,0,1,0,0,1,0,0,0,0,0,0,2,
https://www.youtube.com/watch?v=afYCN3Upy_w,Acute Coronary Syndrome and Heart Attack,318,1,1,1,1,0,0,1,1,1,1,1,0,1,1,0,1,12,
https://www.youtube.com/watch?v=VXFRWFHx6tA,Acute pyelonephritis (urinary tract infection) - causes; symptoms & pathology,318,1,1,1,1,0,0,1,1,1,1,1,1,1,1,1,1,14,
https://www.youtube.com/watch?v=2YVVfWIoHkw,Is Prediabetes The Same Thing As Metabolic Syndrome Or Syndrome X?,321,1,1,1,1,0,0,1,1,1,1,1,0,1,1,0,1,12,
https://www.youtube.com/watch?v=MFmjLloYN7A,Potassium & Blood Pressure: MUST WATCH!,322,1,1,1,1,0,0,1,1,1,1,0,0,1,1,1,1,12,
https://www.youtube.com/watch?v=InH8t0UNs4k,Best Glucose Meter For Type 2 Diabetes?,324,0,1,0,0,0,0,0,1,1,1,0,0,1,1,0,0,6,
https://www.youtube.com/watch?v=W_evi9lanBY,Acromegaly,325,1,1,1,0,1,1,1,1,1,1,0,0,1,1,0,1,12,
https://www.youtube.com/watch?v=Mj0T_byeKtQ,Insulin Synthesis and Secretion,326,1,0,1,0,1,1,1,1,1,0,0,0,1,1,1,1,11,
https://www.youtube.com/watch?v=orqdxsg-Dr4,Can Diabetic Retinopathy Be Reversed?,326,1,0,0,1,0,0,1,1,0,0,0,0,1,1,0,1,7,
https://www.youtube.com/watch?v=mRVZ9lkubag,A Change for Life,328,0,1,0,1,0,0,0,1,1,1,1,0,1,1,0,1,9,
https://www.youtube.com/watch?v=HOwqo56BKQU,What Is Postprandial Blood Glucose?,329,0,1,1,0,0,0,1,1,1,1,0,1,1,1,0,1,10,
https://www.youtube.com/watch?v=WBjchfwi1jA,Curing Painful Diabetic Neuropathy,330,1,0,1,1,0,0,1,1,0,0,0,0,1,1,0,1,8,
https://www.youtube.com/watch?v=tpPGevlDwWQ,Natural Treat To Cure Diabetes Without Medicine,331,0,1,0,0,0,1,1,1,1,1,1,0,1,1,1,0,10,
https://www.youtube.com/watch?v=fHui_Q6ld10,Ellie‚Äôs Acromegaly Story: Managing Breakthrough Symptoms,331,1,1,0,1,0,0,1,1,0,1,N/A,N/A,1,1,0,N/A,8,
https://www.youtube.com/watch?v=6t4tBmbPko8,Why is Meat a Risk Factor for Diabetes?,332,1,0,1,1,0,0,1,1,0,0,0,1,1,1,0,1,9,
https://www.youtube.com/watch?v=8ZujKJYrEJY,Natural PCOS Treatment Options - Polycystic Ovary Syndrome,334,1,1,1,1,0,0,1,1,1,1,1,1,1,1,1,1,14,
https://www.youtube.com/watch?v=cW1V2_GTAlc,Females with Fragile X Syndrome,339,0,1,0,1,0,0,0,1,1,1,1,0,1,1,0,0,8,
https://www.youtube.com/watch?v=T9wPrmfQ0vw,Hypoglycemia and Adrenal Fatigue - Lab tests don't tell all,340,0,0,0,0,0,0,1,1,N/A,0,N/A,N/A,1,1,0,N/A,4,
https://www.youtube.com/watch?v=xJBqbv8GRZ4,Free Weights vs Bodyweight Exercise,341,0,1,0,1,0,0,1,1,1,1,0,0,1,1,0,N/A,8,
https://www.youtube.com/watch?v=wjIp17OaN_k,Facial Mask for Hirsuitism,344,0,1,1,1,0,0,0,1,1,0,1,0,1,1,0,1,9,
https://www.youtube.com/watch?v=BzP4b1b-RPs,Weight-Loss Foods for Diabetes ‚Äî The BROAD Study,345,1,1,1,1,1,1,1,1,1,1,0,1,1,1,0,1,14,
https://www.youtube.com/watch?v=ux-A-WUMTjY,Diabetes Self-Management Education: Getting the Patient and Practice Perspective,345,0,1,0,1,0,0,0,1,1,1,0,0,1,1,0,N/A,7,
https://www.youtube.com/watch?v=DyGIvs9zrVA,Estimation of Blood Glucose by Glucose Oxidase Method - Amrita University,346,1,0,1,1,1,1,1,1,1,1,1,1,1,1,1,1,15,
https://www.youtube.com/watch?v=prFYht1NwmU,Insulin Administration - Registered Nurse Training,348,1,1,0,1,0,0,1,1,0,1,1,0,1,1,1,1,11,
https://www.youtube.com/watch?v=bBZXkNbpOGQ,How to Inject Insulin Using a Syringe | Nucleus Health,350,1,1,0,1,1,1,1,1,1,1,1,0,1,1,1,1,14,
https://www.youtube.com/watch?v=RudR2_VVoaw,Alcohol-related liver disease - causes; symptoms & pathology,351,1,1,0,1,0,0,1,1,1,1,1,0,1,1,1,1,12,
https://www.youtube.com/watch?v=wch09JVlXKg,Obesity Is Ridiculously Deadly,356,0,1,0,1,0,0,0,1,1,0,0,1,1,1,0,0,7,
https://www.youtube.com/watch?v=jDYm0i5zT68,How to Overcome High Blood Pressure Naturally,356,0,1,0,1,0,0,1,1,N/A,1,0,0,1,1,0,N/A,7,
https://www.youtube.com/watch?v=L1qDCZsqxxc,DANGEROUS FOODS FOR DIABETIC PATIENTS || Health Tips,358,0,1,0,1,1,1,0,1,1,1,1,0,1,1,0,1,11,
https://www.youtube.com/watch?v=sLn6OoH12uY,Top 5 Ways to Relieve Peripheral Neuropathy Foot Pain & Other Foot Ailments - Ask Doctor Jo,358,0,1,0,1,0,0,0,1,N/A,1,1,0,1,1,0,1,8,
https://www.youtube.com/watch?v=S-3nfpc_GiQ,How Do I Quickly Bring Down My Blood Glucose (Lower High Blood Sugar),359,0,1,0,1,0,0,1,1,1,1,0,0,1,1,0,0,8,
https://www.youtube.com/watch?v=aC0_yOlfY4U,Autoimmune hepatitis - causes; symptoms; diagnosis; treatment & pathology,360,1,0,0,1,1,1,1,1,,,,,,,,,6,
https://www.youtube.com/watch?v=5SZCajunA-0,Why Do Young; Slim People Get Diabetes Type 2,362,0,1,0,0,0,0,0,1,N/A,0,0,0,0,0,0,0,2,
https://www.youtube.com/watch?v=KWBjfoioS20,Can the Galaxy S9 Save Lives?,362,0,1,0,1,0,0,0,1,N/A,0,0,0,1,1,0,0,5,
https://www.youtube.com/watch?v=lOeQLJCVOdM,What is A Normal Blood Glucose?,365,0,1,0,1,0,0,1,1,N/A,0,0,0,1,1,0,N/A,6,
https://www.youtube.com/watch?v=weZZT8U9NGQ,Partner Addition (Classroom Physical Activity Breaks),366,0,1,0,1,0,0,1,1,N/A,0,0,0,1,1,0,N/A,6,
https://www.youtube.com/watch?v=US5aP7qT36M,Early Warning Signs of Pancreatic Cancer,368,1,1,1,1,0,0,1,1,N/A,1,1,0,1,1,0,1,11,
https://www.youtube.com/watch?v=zD9aXZY0pdY,Angina pectoris (stable; unstable; prinzmetal; vasospastic) - symptoms & pathology,368,1,0,1,1,1,1,1,1,0,1,1,1,1,1,1,1,14,
https://www.youtube.com/watch?v=MOH33-jFOwo,A1C Levels,369,1,1,1,1,0,0,1,1,0,0,0,0,1,1,0,1,9,
https://www.youtube.com/watch?v=2KnD9MzCzsM,Kidney Disease and Kidney Failure : 10 Early Signs and Symptoms That You May Have Kidney Disease,371,0,1,1,1,1,0,0,1,1,N/A,1,1,0,1,1,0,10,
https://www.youtube.com/watch?v=LuJd0z1JAU4,Gas gangrene,371,0,0,0,0,0,0,1,1,N/A,N/A,N/A,N/A,0,0,0,0,2,
https://www.youtube.com/watch?v=_cu7Xt4wb1M,Glucose Tolerance Test Procedure; Side Effects & Results,373,0,1,0,0,0,0,1,1,N/A,N/A,N/A,N/A,1,1,0,0,5,
https://www.youtube.com/watch?v=P_NoKv4kr64,Metabolic Syndrome,374,0,0,1,0,0,0,1,1,N/A,N/A,N/A,N/A,1,1,0,N/A,5,
https://www.youtube.com/watch?v=rTbIazck7rk,Peripheral vascular disease (PVD) - causes; symptoms & pathology,374,1,0,1,1,1,1,1,1,1,1,0,1,1,1,1,1,14,
https://www.youtube.com/watch?v=UDuGJHbAIbE,Debate on Donor Islet vs. ESC-derived pancreatic progenitors - Part 2,376,0,0,1,1,0,0,1,1,N/A,N/A,N/A,N/A,1,1,0,N/A,6,
https://www.youtube.com/watch?v=KiouveG278Y,Autonomic nervous system effects on the heart | NCLEX-RN | Khan Academy,376,0,0,0,1,0,0,1,1,N/A,0,0,1,1,1,0,1,7,
https://www.youtube.com/watch?v=r8avZUjw_zI,Top 10 SUPERFOODS for DIABETES Control | Type 2 Diabetes,378,0,1,0,1,0,0,1,1,1,1,1,N/A,1,1,0,1,10,
https://www.youtube.com/watch?v=vzA7Dj1pCOg,Gluconeogenesis,380,1,0,1,1,1,1,1,1,1,1,1,1,1,1,1,1,15,
https://www.youtube.com/watch?v=Vujm4opryN8,Improve Insulin Sensitivity Naturally (Avoid Type 2 Diabetes),381,0,1,0,1,0,0,1,1,1,1,0,0,1,1,0,N/A,8,
https://www.youtube.com/watch?v=J97G6BeYW0I,What is blood pressure? | Circulatory system physiology | NCLEX-RN | Khan Academy,381,1,0,0,1,0,0,1,1,1,1,0,1,1,1,0,1,10,
https://www.youtube.com/watch?v=LerY4Y1gz5E,The Most Serious Medical Problem You Haven't Heard About,382,1,0,0,1,1,1,1,1,1,1,1,1,1,1,1,1,14,
https://www.youtube.com/watch?v=k_wNE4erBLU,GOING AGAINST THE GRAIN: A new explanation for pancreatic beta cell failure,384,1,0,1,1,0,0,1,1,1,1,1,0,1,1,0,1,11,
https://www.youtube.com/watch?v=Md7PssTAvz8,Prediabetes: What Do All These Numbers Mean?,384,0,1,0,1,0,0,1,1,N/A,1,0,1,1,1,0,1,9,
https://www.youtube.com/watch?v=kuR_Lwcp67U,How Can My Doctor Tell If I Have Prediabetes?,386,0,1,0,1,0,0,1,1,1,1,1,1,1,1,0,1,11,
https://www.youtube.com/watch?v=t0JF2Gbv1XQ,Diabetes Nutrition ‚Äì How Meghan Eats 300 Grams of Carbs with Excellent Blood Glucose Control T1D,389,0,1,0,1,0,0,0,1,1,1,0,1,1,1,0,1,9,
https://www.youtube.com/watch?v=ZfSlQJk59Ng,Hypoglycemia Basics by Dr. Berg,390,1,0,1,1,0,0,1,1,0,1,0,0,1,1,0,1,9,
https://www.youtube.com/watch?v=_VuxMIc3fOA,Home Remedies For PCOD or PCOS II ‡§_‡§æ‡§_‡•ç‡§Æ‡•ã‡§®‡§_ ‡§µ‡§ø‡§ï‡§æ‡§_ ‡§ï‡•á ‡§_‡§ø‡§è ‡§ò‡§_‡•á‡§_‡•Å ‡§â‡§™‡§æ‡§Ø II,392,0,1,0,1,0,0,0,1,0,0,0,0,1,1,0,0,5,
https://www.youtube.com/watch?v=IpPHCLrEmSI,Hemoglobin A1C Seviyesi (Biyoloji / Biyomolek_ºller),394,0,0,0,0,0,0,0,0,0,0,0,0,0,0,0,0,0,
https://www.youtube.com/watch?v=tbMzKylq9Bc,High Grade Diffuse large B-cell Lymphoma: Carole's story,395,0,1,0,1,0,0,0,1,0,1,1,0,1,1,0,0,7,
https://www.youtube.com/watch?v=PUQFQVm96YM,Non-alcoholic fatty liver disease (NAFLD) - causes; symptoms; diagnosis; treatment; pathology,397,1,1,1,1,1,1,1,1,1,1,1,1,1,1,1,1,16,
https://www.youtube.com/watch?v=xdVJkkCquHs,Should I Join A Support Group For Prediabetes?,398,0,0,0,0,0,0,0,1,0,0,0,0,1,1,0,0,3,
https://www.youtube.com/watch?v=5I-Wr_s00aU,Shocking Results to Metformin Study,401,0,1,0,1,0,0,1,1,1,1,1,0,1,1,0,1,10,
https://www.youtube.com/watch?v=3jSCSq9bKwI,Genetics in Motion: Putting T Cells in Their Place,402,0,0,0,0,0,0,1,1,0,0,0,0,1,1,0,0,4,
https://www.youtube.com/watch?v=8mOjYFwmgxk,Bodyweight Chest Workout (SORE IN 6 MINUTES!!),403,0,1,0,1,0,0,0,1,N/A,1,1,0,1,1,1,1,9,
https://www.youtube.com/watch?v=n4hTBVFyyKs,The #1 Food that Fixes Hypoglycemia,404,1,1,1,1,0,0,1,1,0,1,0,1,1,1,0,0,10,
https://www.youtube.com/watch?v=8gAO1wfdHnc,ICD-10 for BMI ‚Äî Body Mass Index ICD-10-CM Coding,406,1,0,1,1,0,0,1,1,0,0,1,1,1,1,0,1,10,
https://www.youtube.com/watch?v=XFxMOiJRZQg,Pancreatic carcinoma - causes; symptoms; diagnosis; treatment & pathology,409,1,0,0,1,1,1,1,1,0,1,1,1,1,1,1,1,13,
https://www.youtube.com/watch?v=xNf--q0YMq8,Endocrine pancreas | Gastrointestinal system physiology | NCLEX-RN | Khan Academy,410,1,0,0,1,1,1,1,1,0,1,0,1,1,1,0,1,11,
https://www.youtube.com/watch?v=diG519dFVNs,High Blood Pressure | Hypertension | Nucleus Health,410,1,1,1,1,1,1,1,1,1,1,1,0,1,1,1,1,15,
https://www.youtube.com/watch?v=6HJfr00CIqM,Formation of Urine - Nephron Function; Animation.,411,1,0,0,1,1,1,1,1,0,1,1,0,1,1,0,1,11,
https://www.youtube.com/watch?v=XOZ-Yco3Ykw,Healthy Eating with Type 2 Diabetes,411,0,1,0,1,0,0,1,1,1,1,1,0,1,1,0,0,9,
https://www.youtube.com/watch?v=epNcLy6knx4,The Top Symptoms of a Potassium Deficiency,412,1,0,1,1,0,0,1,1,0,1,0,0,1,1,0,1,9,
https://www.youtube.com/watch?v=D8K8MkKHJoc,6 Foods to Avoid if You Have Metabolic Syndrome,415,0,1,0,1,0,0,0,1,N/A,1,1,0,1,1,0,1,8,
https://www.youtube.com/watch?v=gQBkfKUxh_E,Will I Lose My Feet Because Of Prediabetes?,419,0,1,0,1,0,0,1,1,1,1,1,N/A,1,1,1,1,11,
https://www.youtube.com/watch?v=loUuq7rPTH0,Peripheral Neuropathy Relief in the Feet & Legs - Ask Doctor Jo,424,0,1,0,1,0,0,1,1,N/A,1,1,N/A,1,1,1,1,10,
https://www.youtube.com/watch?v=NsISWyyuf80,Types of Diabetes Major are Diabetes Type 1 and Diabetes Type 2,425,0,0,0,0,0,0,0,0,N/A,0,1,N/A,1,1,0,1,4,
https://www.youtube.com/watch?v=hFMF3lJUcAc,Meet Glucose & the Carbs,432,1,0,0,1,1,1,1,1,1,1,,N/A,1,1,1,1,12,
https://www.youtube.com/watch?v=oiAO69i7fHc,Can Diabetes Type 1 Or Type 2 Be Reversed,433,0,1,0,1,0,0,0,1,1,1,1,N/A,1,1,0,0,8,
https://www.youtube.com/watch?v=Yl3z1ql_RXc,Can I Reverse or Eliminate My Diabetes or High Blood Glucose Levels?,433,0,1,0,1,0,0,1,1,1,0,0,1,1,1,0,1,9,
https://www.youtube.com/watch?v=f0D1DePVVdo,Leg Ulcers 7 Facts About Leg Ulcers You Must Know,435,0,1,0,1,0,0,1,1,N/A,0,0,N/A,1,1,0,0,6,
https://www.youtube.com/watch?v=RBl-lMHlDu0,Glucagon Administration,440,0,1,0,1,0,0,1,1,N/A,1,1,N/A,1,1,1,1,10,
https://www.youtube.com/watch?v=5RXRr8PKunk,Calculate your own body mass index | Miscellaneous | Heatlh & Medicine | Khan Academy,441,0,1,0,1,0,0,1,1,1,1,1,N/A,1,1,0,1,10,
https://www.youtube.com/watch?v=Y4MLtncnx-8,Type 1 and Type 2 Diabetes,443,0,1,0,1,0,0,0,1,N/A,0,N/A,N/A,1,1,0,0,5,
https://www.youtube.com/watch?v=rPLjSY00JlE,Glucose Insulin and Diabetes,444,1,1,1,1,0,0,0,1,N/A,1,1,N/A,1,1,0,1,10,
https://www.youtube.com/watch?v=rfepM3L7Pqc,Astrocytes | Nervous system physiology | NCLEX-RN | Khan Academy,446,1,0,0,1,1,1,1,1,0,1,N/A,N/A,1,1,1,1,11,
https://www.youtube.com/watch?v=hep2KRYD2j0,Islets of Langerhans,448,0,0,0,0,0,0,0,0,N/A,N/A,0,N/A,1,1,0,0,2,
https://www.youtube.com/watch?v=jnfH_Napq9c,Blockbuster Diabetes Drug Invokana Produces Adverse Effect - The Ring Of Fire,449,0,1,0,1,0,0,0,1,N/A,N/A,0,0,1,1,0,0,5,
https://www.youtube.com/watch?v=NDnC0-rw7KA,Reversing Type 2 Diabetes Through Fasting,450,0,1,0,1,0,0,0,1,N/A,N/A,N/A,N/A,1,1,0,0,5,
https://www.youtube.com/watch?v=aJ4s-IiKM5Q,Diabetes Prevention & Self-management: What is Diabetes? Skit,452,0,1,0,1,0,0,0,1,N/A,0,1,0,1,1,0,0,6,
https://www.youtube.com/watch?v=afH4-_xFVmY,Fragile X Syndrome - causes; symptoms; diagnosis; treatment; pathology,457,1,0,0,1,1,1,1,1,0,1,0,N/A,1,1,1,1,11,
https://www.youtube.com/watch?v=HcT4K5KkTDE,Best Foods for Polycystic Ovary Syndrome (PCOS),457,1,0,0,1,0,0,1,1,0,0,0,1,1,1,0,1,8,
https://www.youtube.com/watch?v=LtdWg4ygm_E,Diabetic Nephropathy- causes; symptoms; diagnosis; treatment; pathology,457,1,0,0,1,1,1,1,1,1,1,1,N/A,1,1,1,1,13,
https://www.youtube.com/watch?v=LhXyJCa_b-k,Cortisol Resistance & Insulin Resistance: Explained!,458,1,0,1,1,1,1,1,1,0,1,0,N/A,1,1,1,1,12,
https://www.youtube.com/watch?v=pgUZsOGOlfk,Introduction to Fragile X Syndrome,458,0,1,1,1,0,0,0,1,N/A,0,1,N/A,1,1,0,N/A,7,
https://www.youtube.com/watch?v=JXygbkEjNIE,DOES MY KID HAVE TYPE 1 DIABETES? THE WARNING SIGNS AND SYMPTOMS OF TYPE 1 DIABETES!,461,0,1,1,1,0,0,0,1,N/A,0,0,N/A,1,1,0,N/A,6,
https://www.youtube.com/watch?v=Zpb2VHgjCQs,Glycemic Index & Diabetes: Things To Know,465,1,1,1,1,0,0,1,1,1,1,1,N/A,1,1,0,1,12,
https://www.youtube.com/watch?v=Ptmlvtei8hw,Cell Membranes and Cell Transport,470,0,1,1,1,0,0,1,1,1,1,1,N/A,1,1,0,1,11,
https://www.youtube.com/watch?v=PT5cFR296-w,About Pancreas and Kidney Transplant Surgery | Q&A,470,1,0,1,1,1,1,1,1,N/A,1,N/A,N/A,1,1,0,N/A,10,
https://www.youtube.com/watch?v=N-X53P6RSUw,My Father Has Diabetes Should I Be Screened For Prediabetes On A Regular Basis?,472,1,0,0,1,0,0,0,1,0,0,1,N/A,1,1,0,1,7,
https://www.youtube.com/watch?v=CrjjN2sXB_g,Diabetes Drug Invokana: The Treatment Might Be Worse than the Disease - The Ring Of Fire,476,0,1,0,1,0,0,1,1,1,1,1,N/A,1,1,0,1,10,
https://www.youtube.com/watch?v=fqxcZK8hXYQ,Olympic Rock Paper Scissors (Classroom Physical Activity Breaks),477,0,1,0,0,0,0,0,1,1,1,1,0,1,1,0,N/A,7,
https://www.youtube.com/watch?v=aLWlxC51YFE,Diabetes African Americans Deadly Foe,478,0,1,0,1,0,0,1,1,1,1,0,N/A,1,1,0,N/A,8,
https://www.youtube.com/watch?v=fihS3YUlolY,Pioglitazone,482,0,0,0,0,0,0,0,1,0,0,N/A,N/A,1,1,0,N/A,3,
https://www.youtube.com/watch?v=PwH4oEz94qE,Production of insulin and glucagon,486,1,0,1,1,0,0,1,1,1,1,1,0,1,1,1,1,12,
https://www.youtube.com/watch?v=cnDgRMUyXyY(*****),Exocrine Pancreatic Insufficiency in the German Shepherd - EPI,486,0,0,0,0,0,0,0,0,0,0,N/A,N/A,0,0,0,0,0,
https://www.youtube.com/watch?v=lSs1XdHx_8M,Diabetes Diet Plan ‚Äî What Is Best for Type 1 Diabetes?,489,0,1,0,1,0,0,1,1,1,1,1,1,1,1,0,1,11,
https://www.youtube.com/watch?v=gP4u3F61Mlc,Diabetes type 1 and type 2 definition and facts,492,1,0,1,1,0,0,1,1,1,1,1,N/A,1,1,0,1,11,
https://www.youtube.com/watch?v=XX1ps4WHAtg,DKA Pediatrics hyperglycemia,492,1,0,0,1,0,0,1,1,1,1,1,1,1,1,1,1,12,
https://www.youtube.com/watch?v=KxQTLP2KeaE,Types of Insulin PostCare Discharge Patient Education Medical Video,492,1,0,0,1,1,1,0,1,1,1,1,N/A,1,1,0,1,11,
https://www.youtube.com/watch?v=z0Pt-x8eKkM,Diabetes  Types of Insulin - PostCare Recovery Patient Education HD,492,1,0,0,1,1,1,0,1,1,1,1,N/A,1,1,0,1,11,
https://www.youtube.com/watch?v=rhmAyFY6dhU,Diabetes Drug Invokana Creates Even Worse Problems Than It Solves - The Ring Of Fire,494,0,1,0,1,0,0,0,1,1,1,N/A,N/A,1,1,0,N/A,7,
https://www.youtube.com/watch?v=AzUj-UTvZDk,Cushing's Syndrome and Corticosteroids (Part 2),495,1,0,1,1,1,1,1,1,1,1,1,1,1,1,0,1,14,
https://www.youtube.com/watch?v=jvQzIzzL_lA,A Guide to Using Your Insulin Pen,499,0,1,0,1,0,0,1,1,1,1,1,N/A,1,1,0,1,10,
https://www.youtube.com/watch?v=ZRLB5I0ZAi0,How to preserve beta cell function so you stop diabetes progression,500,0,1,0,1,0,0,0,1,1,1,1,1,1,1,0,1,10,
https://www.youtube.com/watch?v=PtKAeihnbv0,Membrane Potentials - Part 1 | Circulatory system physiology | NCLEX-RN | Khan Academy,501,1,1,1,1,0,0,1,1,1,1,1,N/A,1,1,0,1,12,
https://www.youtube.com/watch?v=IE_ywuQoJSg,Lower urinary tract infection (cystitis) - causes; symptoms; treatment & pathology,501,1,1,1,1,1,1,1,1,1,1,1,N/A,1,1,1,1,15,
https://www.youtube.com/watch?v=3hhpoOzUMxo,What causes fasting sugar levels to be high (hyperglycemia),504,0,1,0,0,0,0,0,1,1,1,1,N/A,1,1,0,1,8,
https://www.youtube.com/watch?v=Ru5pFXXHRZo,Incredible Treat for Cure Diabetes,504,0,1,0,1,0,0,0,1,1,1,1,N/A,1,1,0,0,8,
https://www.youtube.com/watch?v=qNdoOd11Vi8,Physical Activity Guidelines - Getting Started,505,0,1,0,1,0,0,1,1,1,1,1,N/A,1,1,0,0,9,
https://www.youtube.com/watch?v=aHtD_63rjFQ,Encouraging Physical Activity in Preschoolers,508,0,1,0,1,0,0,0,1,N/A,N/A,1,N/A,1,1,0,N/A,6,
https://www.youtube.com/watch?v=uCpY8TtHuzo,Type 2 Diabetes: Treatment & Routine ‚Äì Family Medicine | Lecturio,511,1,0,0,1,1,1,1,1,1,1,1,N/A,1,1,0,1,12,
https://www.youtube.com/watch?v=vhukPv1se08,Diabetes Food | What Type Of Food is Cure Diabetes | Diabetes Diet Paln,511,0,1,0,1,0,0,0,1,N/A,1,1,N/A,1,1,0,N/A,7,
https://www.youtube.com/watch?v=xY7e4XcIjs8,How sugar levels can be high even when you haven't eaten anything,513,0,1,0,1,0,0,0,0,N/A,1,1,N/A,1,1,0,1,7,
https://www.youtube.com/watch?v=1iB68lO2K9k,ICD-10 Subsequent Acute Myocardial Infarction Definition,513,1,0,0,0,0,0,0,1,0,0,0,N/A,1,1,0,N/A,4,
https://www.youtube.com/watch?v=6XEbW-uxsPc,Kidney Disease Treatment (From Stage 3 - End Stage) : Dialysis For Kidney Disease (Renal Failure),517,1,0,0,1,0,0,1,1,N/A,1,1,N/A,1,1,0,1,9,
https://www.youtube.com/watch?v=rUK0EiV_31o,The Gastroparesis Diet | Sophie,519,0,1,0,1,0,0,0,1,N/A,0,0,N/A,1,1,0,N/A,5,
https://www.youtube.com/watch?v=5HNFsjUwolI,How Can I Cope With All These Changes Because Of Prediabetes?,521,0,1,0,1,0,0,1,1,N/A,1,1,N/A,1,1,0,1,9,
https://www.youtube.com/watch?v=ZeXuf7sOpzA,Classroom Yoga (Classroom Physical Activity Breaks),522,0,1,0,1,0,0,1,1,N/A,1,1,N/A,1,1,0,N/A,8,
https://www.youtube.com/watch?v=kaoRrzakjGE,Enzyme Linked Receptors | Nervous system physiology | NCLEX-RN | Khan Academy,531,1,0,0,1,0,0,1,1,0,0,1,N/A,1,1,0,1,8,
https://www.youtube.com/watch?v=ZA8GzhFh_CQ,8 Best Bodyweight Exercises Ever (HIT EVERY MUSCLE!),531,0,1,0,1,0,0,1,1,N/A,1,1,N/A,1,1,0,N/A,8,
https://www.youtube.com/watch?v=lNAAzs4C-lQ,How to adjust & measure home water pressure,533,0,1,0,0,0,0,1,1,N/A,1,1,N/A,1,1,0,N/A,7,
https://www.youtube.com/watch?v=JSFiOF7xGfE,Blood Sugar Levels,535,0,1,0,1,0,0,1,1,N/A,1,0,1,1,1,0,1,9,
https://www.youtube.com/watch?v=hCicRpU3biY,A teenager's journey through weight loss surgery,536,0,1,0,0,0,0,0,1,N/A,1,1,N/A,1,1,0,N/A,6,
https://www.youtube.com/watch?v=XRolebcoL2g,CLEAR - A Patient's Guide to Understanding Offloading Diabetic Foot Ulcers,538,0,1,0,1,0,0,1,1,N/A,1,1,1,1,1,0,1,10,
https://www.youtube.com/watch?v=ItE86GxFwWk,What's Your Risk Of Developing Diabetes,542,0,0,0,0,0,0,0,1,N/A,0,0,0,1,1,0,N/A,3,
https://www.youtube.com/watch?v=met9SntRZe8,Chronic pancreatitis - causes; symptoms; diagnosis; treatment; pathology,542,1,0,1,1,1,1,1,1,0,1,1,N/A,1,1,1,1,13,
https://www.youtube.com/watch?v=6B9lnKVX7YY,How to Treat Hypoglycemia; Hyperglycemia; and Disglycemia Naturally,548,1,1,1,1,0,0,1,1,N/A,1,1,1,1,1,0,1,12,
https://www.youtube.com/watch?v=m1DOnLhVuX4,Complications after a heart attack (myocardial infarction) | NCLEX-RN | Khan Academy,548,1,0,1,1,1,1,1,1,N/A,1,1,N/A,1,1,1,1,13,
https://www.youtube.com/watch?v=IggJcAbecMM,Good Snacks For Prediabetes,550,0,1,0,1,0,0,0,1,0,1,1,1,1,1,0,1,9,
https://www.youtube.com/watch?v=HSJVVLcUcus,Carb Counting Part 1,553,1,0,0,1,1,1,1,1,0,1,0,0,1,1,0,1,10,
https://www.youtube.com/watch?v=YdBXHm3edL8,Cytotoxic T cells and MHC I complexes,556,1,0,0,1,1,1,1,1,0,1,1,N/A,1,1,0,1,11,
https://www.youtube.com/watch?v=IMLVbEzM0DI,Treating type II diabetes - Pharmacology | Endocrine system diseases | NCLEX-RN | Khan Academy,557,1,0,0,1,1,0,1,1,0,0,0,N/A,1,1,0,1,8,
https://www.youtube.com/watch?v=WIpxrtf7QbY,Carbohydrate Counting for Students with Dietary Needs,557,1,1,0,1,0,0,1,1,N/A,1,1,N/A,1,1,0,N/A,9,
https://www.youtube.com/watch?v=-Aj5BTnz-v0,Molecular structure of glucose | Macromolecules | Biology | Khan Academy,559,1,0,0,1,0,0,1,1,0,1,1,N/A,1,1,0,1,9,
https://www.youtube.com/watch?v=ABeOnnq6k8M,What You Need to Know About Checking Your Blood Glucose,561,0,1,0,1,0,0,0,1,0,1,0,1,1,1,0,0,7,
https://www.youtube.com/watch?v=5w1vW2VEZcE,How to lower your insulin level if you‚Äôre suffering from hyperinsulinemia,562,0,1,0,1,0,0,0,1,0,0,1,N/A,1,1,0,0,6,
https://www.youtube.com/watch?v=E1myFSlpy-A,Chronic kidney disease (chronic renal failure) - causes; symptoms; diagnosis; treatment; pathology,564,1,0,1,1,1,1,1,1,1,1,1,N/A,1,1,1,1,14,
https://www.youtube.com/watch?v=3lQZ4q_msGg(*****),Episodio #521 Gastroparesis,566,0,0,0,0,0,0,0,0,N/A,0,0,N/A,0,0,0,0,0,
https://www.youtube.com/watch?v=Xa--z2elP2c,[Seminar Series] Diabetes and Insulin,568,1,1,1,1,1,,1,1,0,1,1,1,1,1,1,1,14,
https://www.youtube.com/watch?v=i32a5T-JsEc,Trees and Squirrels (Classroom Physical Activity Breaks),573,0,0,0,1,0,0,1,1,N/A,1,1,N/A,1,1,0,N/A,7,
https://www.youtube.com/watch?v=SCV_m91mN-Q,Endocrine System; part 2 - Hormone Cascades: Crash Course A&P #24,574,1,1,1,1,0,0,1,1,N/A,0,1,N/A,1,1,0,1,10,
https://www.youtube.com/watch?v=rd2cf5hValM,Immune System; part 3: Crash Course A&P #47,577,0,0,0,1,0,0,0,1,N/A,0,0,N/A,1,1,0,N/A,4,
https://www.youtube.com/watch?v=KW8HnpSp6wk,Latent autoimmune diabetes of adults,581,0,0,0,0,0,0,0,1,N/A,0,N/A,N/A,1,1,0,N/A,3,
https://www.youtube.com/watch?v=Jvtb0a2RXaY,Tissues; Part 4 - Types of Connective Tissues: Crash Course A&P #5,583,1,1,1,1,0,0,1,0,1,1,1,0,0,0,0,0,8,
https://www.youtube.com/watch?v=F4Lt0AjMxEY,Diabetic nephropathy - Mechanisms | Endocrine system diseases | NCLEX-RN | Khan Academy,583,1,1,1,1,0,0,1,0,1,1,1,0,0,0,0,0,8,
https://www.youtube.com/watch?v=jLscoVyV4zA,Diabetic nephropathy   Mechanisms   Endocrine system diseases   NCLEX RN   Khan Academy,583,1,1,1,1,0,0,1,0,1,1,1,0,0,0,0,0,8,
https://www.youtube.com/watch?v=U_rZA3_SBlA,Understanding how insulin resistance causes high blood pressure,584,1,1,1,1,1,1,1,0,1,1,1,0,0,0,0,0,10,
https://www.youtube.com/watch?v=oioFVbsiwEk,Reading Blood Pressure,588,1,1,0,1,0,0,1,0,1,1,1,0,1,1,0,0,9,
https://www.youtube.com/watch?v=BtqlMr1rUT8,Exocrine pancreas | Gastrointestinal system physiology | NCLEX-RN | Khan Academy,589,1,1,1,1,1,1,1,1,1,1,1,0,0,0,0,0,11,
https://www.youtube.com/watch?v=PAab0M_6fuQ,Metabolic syndrome begins when insulin clearance is less efficient,596,1,1,1,0,1,1,1,0,1,1,1,0,0,0,0,0,9,
https://www.youtube.com/watch?v=_A6GbgUnEZc,Pancreatic neuroendocrine neoplasms- causes; symptoms; diagnosis; treatment; pathology,597,1,1,1,1,1,1,1,1,1,1,1,0,0,1,0,0,12,
https://www.youtube.com/watch?v=q2vPQYP0dpI,POTASSIUM: The MOST Important Electrolyte - MUST WATCH!,600,1,1,1,1,1,1,1,1,1,1,1,0,0,1,0,0,12,
https://www.youtube.com/watch?v=jsxFbDIvQRw,I am Diabetic. Here's how it works. My insulin pump and continuous glucose meter (CGM).,600,1,1,0,0,0,0,1,0,0,1,1,0,1,1,1,0,8,
https://www.youtube.com/watch?v=my7lL8o-3ow,Episodio # 880 Insulina y Glucag__n Dos Hormonas Contrarias,601,0,0,0,1,0,0,1,0,0,1,1,0,0,0,0,0,4,
https://www.youtube.com/watch?v=8JDuBDIy4C4,Hypertension: The Silent Killer | NEW High Blood Pressure Guidelines,601,1,1,1,1,0,0,1,0,1,1,1,0,1,1,0,0,10,
https://www.youtube.com/watch?v=X87NbBTXixE,Charak M2 Tone Benefits | ‡§™‡•Ä‡§_‡§ø‡§Ø‡§°‡•ç‡§_ ‡§ï‡•á ‡§¶‡§_‡•ç‡§¶ ‡§î‡§_ ‡§Æ‡§_‡§ø‡§_‡§æ ‡§¨‡§æ‡§Å‡§ù‡§™‡§® ‡§ï‡•Ä ‡§¶‡§µ‡§æ,601,0,0,0,0,0,0,0,0,1,1,0,0,0,0,0,0,2,
https://www.youtube.com/watch?v=rpPeJFFzJ5g,Caralise Hunt: Type 2 Diabetes Self-Management,601,1,1,1,0,1,1,1,0,1,1,1,0,1,1,0,0,11,
https://www.youtube.com/watch?v=3lMehvXSJWU,Acute pancreatitis - causes; symptoms; diagnosis; treatment; pathology,602,1,1,1,1,1,1,1,0,1,1,1,0,1,1,0,0,12,
https://www.youtube.com/watch?v=-71ld0iqAq8,Diabetes Skin Problems  - Pictures of Diabetes Sores,602,1,1,1,1,1,1,1,1,1,1,1,0,1,0,0,0,12,
https://www.youtube.com/watch?v=ijjnqeS0pIE,Signs and Symptoms Of Thyroid,605,1,1,1,1,0,0,1,0,1,1,1,0,1,0,0,0,9,
https://www.youtube.com/watch?v=Pr_-cUA_PY8,Diabetic nephropathy - Clinical presentation & treatment | NCLEX-RN | Khan Academy,605,1,1,1,1,0,0,1,0,1,1,1,0,0,0,0,0,8,
https://www.youtube.com/watch?v=kb146Y1igTQ,Metabolism & Nutrition; part 2: Crash Course A&P #37,607,1,1,1,1,0,0,1,1,1,1,1,0,0,0,0,0,9,
https://www.youtube.com/watch?v=Gazuoyf-lm4,The Nephron in Numbers: A Video of Renal Clearance,607,1,1,1,1,1,1,1,0,1,1,1,0,0,0,0,0,10,
https://www.youtube.com/watch?v=B-IfZvygQnM,Signs and Symptoms Of Pancreatic Cancer You Should Know,610,1,1,1,1,1,1,1,0,1,1,1,0,1,1,1,1,14,
https://www.youtube.com/watch?v=CYGLevDEj08,Review | PTS Folding Pocket Gun (FPG) KWA/KSC G18C | Magpul,610,1,0,0,0,0,0,0,0,0,1,1,0,1,1,0,0,5,
https://www.youtube.com/watch?v=UEt6sC6qdlA,Gangrene,611,1,1,1,1,0,0,0,0,1,1,1,0,0,0,0,0,7,
https://www.youtube.com/watch?v=oc0nFa2dA0M,Don't Ignore These Early Symptoms of Liver Damage,616,1,1,1,1,1,1,1,0,1,1,1,0,1,1,1,1,14,
https://www.youtube.com/watch?v=d6H_jPqjLKk,DKA - Diabetic Ketoacidosis Nursing Care NCLEX¬Æ Review | NRSNGacademy.com,616,1,1,1,1,1,1,1,0,1,1,1,0,0,0,0,0,10,
https://www.youtube.com/watch?v=BCSdVZtWOaM,Diabetes Mellitus and Insulin,620,1,1,1,1,1,1,1,0,1,1,1,0,1,1,1,1,14,
https://www.youtube.com/watch?v=fSYFsrurYKI,Development of Type I Diabetes Mellitus by Michael Agus; MD for OPENPediatrics,621,1,1,1,1,1,1,1,0,1,1,1,1,1,1,1,1,15,
https://www.youtube.com/watch?v=Ylkj2ORlwXc,I Have Polycystic Ovarian Syndrome,624,1,1,1,1,0,0,0,0,1,1,0,0,1,1,0,0,8,
https://www.youtube.com/watch?v=Ekqq6DE8vGE,How to reverse diabetes type 2 ‚Äì the video course,624,1,1,1,1,0,0,1,1,1,1,1,0,1,1,0,0,11,
https://www.youtube.com/watch?v=iKKF5yuxvg8,Acute complications of diabetes - Hyperosmolar hyperglycemic nonketotic state | Khan Academy,625,1,1,1,1,1,1,1,1,1,1,1,0,0,0,0,0,11,
https://www.youtube.com/watch?v=pqjgCORDIys,‡§_‡•ç‡§Ø‡•Ç‡§ï‡•ã‡§_‡§ø‡§Ø‡§æ ‡§Ø‡§æ ‡§_‡•û‡•á‡§¶ ‡§™‡§æ‡§®‡•Ä ‡§ï‡•Ä ‡§¶‡§µ‡§æ | Himalaya Lukol Review For White Discharge,626,0,0,0,0,0,0,0,0,0,0,0,0,0,0,0,0,0,
https://www.youtube.com/watch?v=irZC2hV9T-0,Don't ignore these early symptoms of pancreatic cancer,631,1,1,0,1,1,0,1,1,1,0,0,0,1,0,0,0,8,
https://www.youtube.com/watch?v=fR3NxCR9z2U,Metabolism & Nutrition; part 1: Crash Course A&P #36,633,1,1,1,1,1,0,1,1,1,0,1,0,0,0,0,0,9,
https://www.youtube.com/watch?v=YBY4MSgZLDA,_üî¥„Éâ„Ç§„ÉÑÊåØÂãïÂåªÂ_¶„Å´„Çà„ÇãËá™ÂæãÁ•ûÁµåÈöúÂÆ_Á_®Ô_ú Autonomic neuropathy by German Oscillatory Medicine.,641,0,0,0,0,1,0,0,0,0,0,0,0,0,0,0,0,1,
https://www.youtube.com/watch?v=Ep0kFZiWUJI,Gastroparesis Q&A  | Sophie,655,1,1,0,0,0,0,0,0,0,1,1,0,0,0,0,0,4,
https://www.youtube.com/watch?v=wQ1QGZ6gJ8w,Basics of Metabolism,665,1,1,1,1,0,0,1,1,1,1,1,0,0,0,0,0,9,
https://www.youtube.com/watch?v=xaz5ftvZCyI,Review of B cells; CD4+ T cells and CD8+ T cells | NCLEX-RN | Khan Academy,667,1,1,1,1,0,0,1,1,1,1,0,0,0,0,0,0,8,
https://www.youtube.com/watch?v=dC7y9qB3tcA,Why some vigorous physical activity could save your life | Klaus Gebel | TEDxJCUCairns,673,1,1,0,1,1,0,1,1,0,1,1,1,1,1,1,1,13,
https://www.youtube.com/watch?v=JXnpt72MZl4,Insulin receptor,684,1,1,1,1,0,0,0,1,0,0,0,0,0,0,0,0,5,
https://www.youtube.com/watch?v=GNghXeGlTdI,10 Best Fiber Foods for Diabetes,684,1,1,0,1,1,0,1,1,1,1,1,0,1,1,1,0,12,
https://www.youtube.com/watch?v=tpjVmLIUWCo,Acute complications of diabetes - Diabetic ketoacidosis | NCLEX-RN | Khan Academy,686,1,1,1,1,0,0,1,1,1,1,1,0,0,0,0,1,10,
https://www.youtube.com/watch?v=LijHvJcVuCI,Debate on Donor Islet vs. ESC-derived pancreatic progenitors - Part 3,693,1,1,0,1,0,0,0,0,0,1,1,0,0,0,0,0,5,
https://www.youtube.com/watch?v=2TnieMq4E14,Beta cells can regenerate under the right circumstances,702,1,1,1,0,0,0,1,0,1,1,1,0,0,0,0,0,7,
https://www.youtube.com/watch?v=Id2E72P8Fe0,Insulin and glucagon | Chemical Processes | MCAT | Khan Academy,703,1,1,1,1,1,1,1,1,1,1,1,0,0,0,0,0,11,
https://www.youtube.com/watch?v=eTqPsqnbwoc,Drug Half-life | An Overview - Pharm Lect 10,704,1,1,1,1,1,1,1,0,1,1,1,0,0,1,0,0,11,
https://www.youtube.com/watch?v=0vyLi8BVi8I,Avoiding Leg Amputations Due to Peripheral Arterial Disease | Q&A,704,1,1,1,1,0,0,0,1,0,1,0,0,0,0,0,0,6,
https://www.youtube.com/watch?v=dPKvHrD1eS4,In Da Club - Membranes & Transport: Crash Course Biology #5,705,1,1,1,1,0,0,0,0,1,1,1,0,0,1,0,0,8,
https://www.youtube.com/watch?v=iTjDi2ZO0n8,Understanding Insulin Resistance and What You Can Do About It,706,1,1,1,1,0,0,1,1,1,1,1,0,0,1,0,0,10,
https://www.youtube.com/watch?v=1teEi1piQrM,How to use Short-Acting Insulin,707,1,1,1,1,1,1,1,1,1,1,1,0,1,1,1,0,14,
https://www.youtube.com/watch?v=7fuLw031H-g,Regulation of glycolysis and gluconeogenesis | Biomolecules | MCAT | Khan Academy,709,1,1,1,1,0,0,1,0,1,1,1,0,0,0,0,0,8,
https://www.youtube.com/watch?v=VgnbRK8pij8,Obesity,719,1,1,0,1,0,0,1,1,1,1,1,0,1,1,1,0,11,
https://www.youtube.com/watch?v=ArmlWtDnuys,Steps of glycolysis | Cellular respiration | Biology | Khan Academy,722,1,1,1,1,0,0,1,0,1,1,1,0,0,1,0,0,9,
https://www.youtube.com/watch?v=1a2Fsfa8e4I,The perfect treatment for diabetes and weight loss,732,1,1,1,1,0,0,0,0,0,1,1,0,1,1,0,0,8,
https://www.youtube.com/watch?v=-8HmZjScLe0,The Effects of Gastroparesis | Taking a Break (10/20/17),732,0,1,0,1,0,0,0,0,0,1,1,0,0,1,0,0,5,
https://www.youtube.com/watch?v=h0zD1gj0pXk,The Skinny on Obesity (Ep. 1): An Epidemic for Every Body,736,1,1,1,1,0,0,1,0,1,1,1,0,0,0,0,0,8,
https://www.youtube.com/watch?v=9tAbhNvWi90,We Quit Sugar; Dairy; And Gluten To Manage Type 2 Diabetes,736,1,1,0,1,0,0,0,0,0,1,1,0,1,1,0,0,7,
https://www.youtube.com/watch?v=MKKrOHNN3xQ,Reversing Type 2 Diabetes ‚Äî And Reversing Heart Disease ‚Äî Don Avoided 6 Bypasses ‚Äî Food as Medicine!,739,1,1,0,1,0,0,0,1,0,1,1,0,1,1,0,0,8,
https://www.youtube.com/watch?v=mvqyBhUJATE,When Should We Use SGLT2 Inhibitors   YouTube,748,1,1,1,1,1,1,1,1,1,1,1,0,1,1,0,0,13,
https://www.youtube.com/watch?v=zPdwsCTp4gM,Living with Hirsutism,751,1,1,1,1,1,1,1,0,1,1,1,0,0,1,0,0,11,
https://www.youtube.com/watch?v=NouXeM-NzX8,Ovarian Cyst and Polycystic Ovarian Syndrome (PCOS) : Symptoms; Treatment and Real Experiences,753,1,1,1,1,1,1,1,1,1,1,1,0,1,1,0,0,13,
https://www.youtube.com/watch?v=5qBJNZeIavI,Hypokalemia - causes; symptoms; diagnosis; treatment; pathology,756,1,1,1,1,1,1,1,0,1,1,1,0,0,1,0,0,11,
https://www.youtube.com/watch?v=IpedthIpUnY,Fat Is NOT the Cause of Insulin Resistance,759,1,1,0,1,0,0,0,0,1,1,1,0,0,1,0,0,7,
https://www.youtube.com/watch?v=C1pIuddZ7HE,Puking at the Restaurant | Gastroparesis Problems _üò_ (5/12/17),765,0,1,0,1,0,0,0,0,0,1,1,0,0,0,0,0,4,
https://www.youtube.com/watch?v=H-qREcJqUhY,Calculate your own osmolarity | Lab values and concentrations | Health & Medicine | Khan Academy,779,1,1,1,1,0,0,1,1,1,1,1,0,1,1,0,0,11,
https://www.youtube.com/watch?v=0xgeG2gtI0A,TOP 10 Foods that do NOT affect the blood sugar,781,1,1,1,1,1,1,1,1,1,1,1,0,1,1,1,0,14,
https://www.youtube.com/watch?v=Xe7PKGINr9Q,Lipid Lowering Agents,783,1,1,1,1,1,1,1,1,1,1,1,0,0,1,0,0,12,
https://www.youtube.com/watch?v=Q6toBA7SRkY,How to Get Rid of a UTI (Plus; a DIY Bladder Soothe Recipe!),791,1,1,1,1,1,1,1,1,1,1,1,0,1,1,0,0,13,
https://www.youtube.com/watch?v=Vgo6TXqQKMg,_üí™ A Day In the Life of a Gastroparesis Warrior | GP Awareness Month _üíö (8/8/17),791,0,1,0,1,0,0,0,0,0,1,0,0,0,1,0,0,4,
https://www.youtube.com/watch?v=l0V-Xmps1mE,Overview of Amino Acid Metabolism,800,1,1,1,1,0,0,1,0,0,1,1,0,0,1,0,0,8,
https://www.youtube.com/watch?v=k1qtkFqQDBs,B-Cell Development in the Bone Marrow ‚Äì Lymphocyte Development | Lecturio,801,1,1,1,1,1,1,1,0,1,1,1,1,0,1,0,0,12,
https://www.youtube.com/watch?v=VIrkurR446s,Diabetic retinopathy | Endocrine system diseases | NCLEX-RN | Khan Academy,801,1,1,1,1,1,1,1,0,1,1,1,0,1,0,0,0,11,
https://www.youtube.com/watch?v=00jbG_cfGuQ,ATP & Respiration: Crash Course Biology #7,806,1,1,0,1,0,0,1,1,1,1,1,0,1,1,0,0,10,
https://www.youtube.com/watch?v=yIc2XFNLhm8,Diabetic Ketoacidosis (DKA) Explained Clearly - Diabetes Complications,809,1,1,1,1,0,0,1,0,1,1,1,0,0,1,0,0,9,
https://www.youtube.com/watch?v=zU-5GcqzHNM,The lies we tell pregnant women | Sofia Jawed-Wessel,819,1,1,0,1,0,0,0,1,0,1,1,0,1,1,0,0,8,
https://www.youtube.com/watch?v=hg1gPLAG9Q4,The Scary Reality of My Gastroparesis _üòì (5/16/17),819,1,1,0,1,0,0,0,0,0,1,0,0,0,0,0,0,4,
https://www.youtube.com/watch?v=ea1sXgd5ui8,Cushing Syndrome - causes; symptoms; diagnosis; treatment; pathology,822,1,1,1,1,1,1,1,0,1,1,1,0,0,1,0,0,11,
https://www.youtube.com/watch?v=ZHTdmMJtY5E,What is PCOS? with Leena Norms | The Hormone Diaries Ep. 13 | Hannah Witton,824,1,1,0,1,0,0,0,0,0,1,0,0,0,0,0,0,4,
https://www.youtube.com/watch?v=WI8_9PIyWN4,Marlene Bedrich; RN; Insulin Delivery Devices,850,1,1,1,1,0,0,1,0,1,1,1,0,1,1,1,1,12,
https://www.youtube.com/watch?v=Z36dUduOk1Y,B lymphocytes (B cells) | Immune system physiology | NCLEX-RN | Khan Academy,853,1,1,1,1,0,0,1,0,1,1,1,0,0,0,0,0,8,
https://www.youtube.com/watch?v=czY5nyvZ7cU,Secondary active transport in the nephron | Renal system physiology | NCLEX-RN | Khan Academy,853,1,1,1,1,0,0,1,0,1,1,1,0,0,1,0,0,9,
https://www.youtube.com/watch?v=Of1Aewx-zRM,Pharmacology - DRUGS FOR HYPERLIPIDEMIA (MADE EASY),869,1,1,1,1,0,0,1,0,1,1,1,0,0,0,0,0,8,
https://www.youtube.com/watch?v=f_4Q9Iv7_Ao,WHY Sugar is as Bad as Alcohol (Fructose; The Liver Toxin),870,1,1,1,1,0,0,1,0,1,1,1,0,1,0,0,0,9,
https://www.youtube.com/watch?v=x6JGB8sTvUw,Flex Comparison: Ahab; Falcon; Neponset; Splash; and Ogiva!,874,1,1,0,0,0,0,0,0,0,1,1,0,0,0,0,0,4,
https://www.youtube.com/watch?v=CWJcgEDBbKU,The Prediabetes Diet Can Benefit Everyone,892,1,1,0,1,0,0,1,0,1,1,1,0,1,0,0,0,8,
https://www.youtube.com/watch?v=JlZjNrp_dHY,¬°Miguelito se qued__ sin agua! - Morand_© con Compa_±__a 2017,897,0,0,0,1,0,0,0,0,0,1,0,0,0,0,0,0,2,
https://www.youtube.com/watch?v=LylsVQ8HFIw,Glycemic Index & Glycemic Load,898,1,1,1,1,1,1,1,1,1,1,1,0,1,1,1,0,14,
https://www.youtube.com/watch?v=3UKB4T4g4Ls,Youtubers that PROMOTE Eating Disorders,899,1,1,0,1,0,0,0,0,1,1,1,1,0,1,0,0,8,
https://www.youtube.com/watch?v=YcCqXGrqxAo,Dr. Raj and Dr. Barkin | Exocrine Pancreatic Insufficiency (EPI): A Guide For Patients,904,1,1,1,1,1,0,1,0,1,1,1,0,1,0,0,0,10,
https://www.youtube.com/watch?v=lqbL-UhhyPk,My Battle With Anorexia | Dave Chawner | TEDxClapham,953,1,1,0,1,0,0,1,0,0,1,0,0,0,1,0,0,6,
https://www.youtube.com/watch?v=f2HnkDGuBqk,The Best Low Carb Sweetener? - Testing Blood Sugar Response of Artificial Sweeteners - SURPRISE!,962,1,1,0,1,0,0,0,0,0,1,1,0,0,1,0,0,6,
https://www.youtube.com/watch?v=sWN13pKVp9s,Obesity is a National Security Issue: Lieutenant General Mark Hertling at TEDxMidAtlantic 2012,968,1,1,0,1,0,0,1,0,1,1,1,0,0,1,0,0,8,
https://www.youtube.com/watch?v=DqsvwHG9c-M,Solutions for the obesity epidemic | Liesbeth van Rossum | TEDxErasmusUniversity,988,1,1,0,1,0,0,0,0,0,1,1,0,0,1,0,0,6,
https://www.youtube.com/watch?v=kWn0mnbahME,Hepatitis C || Hepatitis C causes; symptoms; treatment and measures to avoid || ‡§ï‡§æ‡§_‡§£; ‡§_‡§ï‡•ç‡§_‡§£;,995,1,0,0,0,0,0,0,0,0,1,1,0,0,0,0,0,3,
https://www.youtube.com/watch?v=L8AybjTBKF4,Sherri Shafer; Registered Dietitian; Diabetes Management Part 1: Carbohydrate Counting,1009,1,1,1,0,1,1,1,1,1,1,1,1,1,1,0,0,13,
https://www.youtube.com/watch?v=QA2_uA0qJls,Official Review of High Cost Afrezza Inhalable Insulin,1018,1,1,0,1,0,0,0,0,0,1,0,0,0,0,0,0,4,
https://www.youtube.com/watch?v=qt8goLiew2o,Neuropathy: The Cause & Natural Treatment,1025,1,1,1,1,1,1,1,1,1,1,1,1,1,1,1,0,15,
https://www.youtube.com/watch?v=LWDQyaKVols,Pharmacology - DRUGS FOR DIABETES (MADE EASY),1037,1,1,1,1,1,1,1,0,1,1,1,0,0,1,0,0,11,
https://www.youtube.com/watch?v=XSWIxbgr1AY,The Causes of Sexual Dysfunction and Women With Diabetes,1062,1,1,0,0,0,0,0,0,0,1,0,0,0,1,0,0,4,
https://www.youtube.com/watch?v=QRLZwXL6w1c,Diabetes mellitus (type 1; type 2) & diabetic ketoacidosis (DKA) - causes & symptoms,1067,1,1,1,1,1,1,1,1,1,1,1,0,0,1,0,0,12,
https://www.youtube.com/watch?v=_g9r64ICTsk,Carbohydrate Counting FA14,1077,1,1,1,1,1,1,1,0,1,1,1,1,1,1,1,1,15,
https://www.youtube.com/watch?v=J0Y1MlanzCk,Human Physiology - The Specific Immune Response: Characteristics of B and T Cells,1086,1,1,1,1,1,1,1,0,1,1,1,0,0,1,0,0,11,
https://www.youtube.com/watch?v=sT-IOqAzf7k,Naturopathic Treatment of Polycystic Ovarian Syndrome,1086,1,1,0,1,0,0,0,0,0,1,0,0,0,1,0,0,5,
https://www.youtube.com/watch?v=da1vvigy5tQ,Reversing Type 2 diabetes starts with ignoring the guidelines | Sarah Hallberg | TEDxPurdueU,1092,1,1,1,1,0,0,0,1,1,1,1,0,1,1,0,0,10,
https://www.youtube.com/watch?v=ktQzM2IA-qU,Tackling diabetes with a bold new dietary approach: Neal Barnard at TEDxFremont,1102,1,1,1,1,0,0,0,0,1,1,1,0,1,1,0,0,9,
https://www.youtube.com/watch?v=cc8sUv2SuaY,The kidney and nephron | Renal system physiology | NCLEX-RN | Khan Academy,1118,1,1,1,1,0,0,1,0,1,1,1,0,0,1,0,0,9,
https://www.youtube.com/watch?v=_eNgRJ_QTBM,Joueur du Grenier - Des jeux en vrac !,1131,1,1,0,1,0,0,0,0,0,1,1,0,1,1,0,0,7,
https://www.youtube.com/watch?v=klqaNGRnlDs,What is Gastroparesis? | Sophie,1166,1,1,1,1,0,0,0,0,0,1,0,0,0,1,0,0,6,
https://www.youtube.com/watch?v=0uSKKKrBmaE,Adipose tissue,1190,1,1,0,1,0,0,0,0,0,1,0,0,0,0,0,0,4,
https://www.youtube.com/watch?v=WNt0puFwrTk,MHC class 1 and 2 | Major histocompatibility complex,1225,1,1,0,1,0,0,0,0,1,1,1,0,0,1,0,0,7,
https://www.youtube.com/watch?v=tbxgQS3RPvQ,5) Fuels 2   CHO Metabolism During Exercise,1281,1,0,0,1,1,1,1,0,1,1,1,0,0,1,0,0,9,
https://www.youtube.com/watch?v=LVgzOyHVcj4,No Sex Marriage ‚Äì Masturbation; Loneliness; Cheating and Shame | Maureen McGrath | TEDxStanleyPark,1312,1,1,0,1,0,0,0,1,0,1,0,0,0,1,0,0,6,
https://www.youtube.com/watch?v=VUo2XW0z218,Artificial Sweeteners,1459,1,1,0,1,0,0,1,1,1,1,1,0,1,1,0,0,10,
https://www.youtube.com/watch?v=t0nVO_DOmVA,J. Trevor Hughes; President and CEO; IAPP | #DPPC2017,1468,1,1,0,1,0,0,0,0,1,1,1,0,0,1,0,0,7,
https://www.youtube.com/watch?v=_WhjX5xljD8,Blood Sugar vs Insulin: what's the difference?,1529,1,1,0,1,0,0,0,0,0,1,0,0,1,1,0,0,6,
https://www.youtube.com/watch?v=SDzJKaBvOGw,The Root of Modern Illness - High Insulin,1556,1,1,0,1,0,0,0,1,0,1,0,0,1,1,0,0,7,
https://www.youtube.com/watch?v=Hd4kvlF1uCA,Hyperandrogenism,1594,1,1,1,1,0,0,0,0,0,1,0,0,0,0,0,0,5,
https://www.youtube.com/watch?v=YWj2RGPE0Dg,Myocardial Infarction (MI Heart Attack) for NCLEX Review and nursing students,1594,1,1,1,1,1,1,1,0,1,1,1,1,1,1,1,1,15,
https://www.youtube.com/watch?v=PxPKW04fSoA,Being Blind VS. Being Deaf! (Collab with Rikki Poynter) - Molly Burke  (CC),1645,1,1,0,1,0,0,1,0,0,1,0,0,1,1,0,0,7,
https://www.youtube.com/watch?v=7vwKMmqSzsg,The Most UNEXPECTED Auditions EVER!,1674,0,1,0,1,0,0,0,0,0,1,0,0,0,1,0,0,4,
https://www.youtube.com/watch?v=jzeYIytL3wo,Cerebral Edema in Diabetic Ketoacidosis by Michael Agus; MD for OPENPediatrics,1674,1,0,1,1,1,1,1,1,1,1,1,1,0,1,0,0,12,
https://www.youtube.com/watch?v=S05_qhpx31Y,Plugged In Virginia / Diabetes Self-Management / Diabetes Prevention,1693,1,1,1,1,0,0,1,0,1,1,1,0,1,0,0,0,9,
https://www.youtube.com/watch?v=QUgwOq0SSTs,How To Keep Insulin Level Low (Video Discussion),1710,1,1,1,1,1,1,1,0,1,1,1,0,1,0,0,1,12,
https://www.youtube.com/watch?v=R0JWXowK_HY,Management of Diabetic Ketoacidosis by Michael Agus; MD for OPENPediatrics,1733,1,1,1,1,1,1,1,0,1,1,1,0,0,1,0,0,11,
https://www.youtube.com/watch?v=tSLjM6cZaTo,Diabulimia: The World's Most Dangerous Eating Disorder,1752,1,1,1,1,0,0,1,0,0,1,1,0,0,0,0,0,7,
https://www.youtube.com/watch?v=Jd8QFD5Ht18,Dr. Ted Naiman - 'Insulin Resistance',1767,1,1,0,1,1,1,1,0,1,1,1,0,0,1,0,0,10,
https://www.youtube.com/watch?v=cUU4blxYRF4,Tips for Teaching Adult Basic Education Students with Vision Loss and Blindness,1798,1,1,1,1,0,0,1,0,1,1,1,0,1,0,0,0,9,
https://www.youtube.com/watch?v=eUiSCEBGxXk,Dr. Jason Fung - 'A New Paradigm of Insulin Resistance',1810,1,1,1,1,1,1,1,0,1,1,1,0,1,1,0,0,12,
https://www.youtube.com/watch?v=_sMkl9fVfoE,8 Secrets to Boost Testosterone for Men and Women,1841,1,1,1,1,1,1,1,0,1,1,1,0,1,1,1,0,13,
https://www.youtube.com/watch?v=Bv_0QWtqfVY,Full Body Workout at Home -Total Body Workout - No Weights Fat Burning Workout,1864,1,1,0,1,0,0,1,1,0,1,1,0,1,1,1,0,10,
https://www.youtube.com/watch?v=JjWDCldrYGY,Why Insulin Doesn‚Äôt Make Us Fat | MWM 2.26,2002,1,1,1,1,1,1,1,0,1,1,1,0,0,1,0,1,12,
https://www.youtube.com/watch?v=Vd_0FgUXVR8,"World Shared Practice Forum - ""Tight Glycemic Control"" with Dr. Michael Agus",2133,1,1,1,1,1,1,1,0,1,1,1,1,1,0,1,0,13,
https://www.youtube.com/watch?v=8jn67tdEGY4,Obese Autopsy : The Post Mortem,2168,1,1,1,1,0,0,1,1,0,1,1,0,0,1,0,0,9,
https://www.youtube.com/watch?v=XQtPFByWrWU,This is How Ketogenesis Works | MWM 2.32,2269,1,1,1,1,1,1,1,0,1,1,1,1,0,1,0,0,12,
https://www.youtube.com/watch?v=z9aeU2Qw1S4,Initiating and Adjusting Insulin Therapy for Type 2 DM   YouTube,2462,1,1,1,1,1,1,1,1,1,1,1,1,1,1,1,0,15,
https://www.youtube.com/watch?v=X2o_Z6hOpwo,Dr. Michael Cooney: Diabetic Retinopathy Lecture 3/26/15,2545,1,1,1,1,1,1,1,1,1,1,1,NA,1,1,0,1,14,
https://www.youtube.com/watch?v=Va1BZ7_hxSw,Insulin,2553,1,1,1,1,0,0,0,0,NA,1,1,0,0,0,0,0,6,
https://www.youtube.com/watch?v=6reJRE9Rd7c,ESRD QIP Payment Year 2020 Proposed Rule 8/9/2016,2715,1,0,1,1,1,1,1,0,1,1,1,1,1,0,1,1,13,
https://www.youtube.com/watch?v=s6UXLavIFJ4,DOCS: Turning Into A Giant,2920,1,1,1,1,0,0,0,0,0,1,1,0,1,1,0,1,9,
https://www.youtube.com/watch?v=ETvIajBXFCw,Gluconeogenesis Is Regulated by Energy Status and the Need for Glucose | MWM 2.30,3129,1,1,1,1,1,1,1,0,1,1,1,0,0,1,0,0,11,
https://www.youtube.com/watch?v=s7jBQIojzS0,"James Shapiro: ""Cutting Edge Islet and Stem Cell Transplant Therapies in the Clinic for Diabetes""",3230,1,1,1,1,1,1,1,0,1,1,1,1,1,1,1,1,15,
https://www.youtube.com/watch?v=5KWAgKR9JBE,Insulin Resistance Diet ‚Äî What To Eat & Why,3361,1,1,1,1,1,1,1,1,1,1,1,0,1,1,0,1,14,
https://www.youtube.com/watch?v=8J9DfeOYBKs,Could You DO LESS to be MORE FIT ? | Dr. Jason Fung EXPLAINS,3372,1,1,1,1,na,na,1,0,NA,1,NA,NA,1,1,1,0,9,
https://www.youtube.com/watch?v=s9Lsyg7lgHI,Medicare Diabetes Prevention Program,3389,1,1,0,1,0,0,1,0,1,1,0,0,0,1,0,0,7,
https://www.youtube.com/watch?v=w0nV-_ddXoc,KRAFT - Father of the Insulin Assay,3432,1,1,1,1,0,0,0,0,1,1,1,0,1,0,0,0,8,
https://www.youtube.com/watch?v=mZwAHIHVomo,Leptin and the neural circuit regulation food intake and glucose metabolism,3460,1,1,0,1,1,1,1,0,1,1,1,1,1,1,0,1,13,
https://www.youtube.com/watch?v=EccSnNgQP7c,Uncharted Territory: David Thompson on the Columbia Plateau,3495,1,1,0,1,1,0,1,0,1,1,1,0,0,0,0,0,8,
https://www.youtube.com/watch?v=Bn8MJALJsuY,Diabetes and Persistent Organic Pollutant Exposure in a the Great Lakes Fish Consumption Study,3607,1,1,1,1,1,1,1,1,1,1,1,1,1,1,1,0,15,
https://www.youtube.com/watch?v=MhCIrN9JFqU,Beta Cell ERKonomics. Functions of ERK1/2 in Pancreatic Beta Cells,3711,0,0,1,1,1,1,1,0,0,1,0,0,0,0,0,0,6,
https://www.youtube.com/watch?v=WYAHes1A36I,Type 2 Diabetes Treatment Novel Therapies GLP 1 Receptor Agonists Analogs and DPP 4 Inhibitors,3751,1,0,0,0,1,1,1,1,1,1,1,1,1,1,1,1,13,
https://www.youtube.com/watch?v=_CUOjdA-VG0,Sugar and the beating heart: the conundrum of heart failure in diabetes,3771,1,0,1,1,1,1,1,1,1,1,1,1,0,0,0,NA,11,
https://www.youtube.com/watch?v=WpSSVwKYsv0,Mercodia Webinar Dr Ralph DeFronzo Glucagon Release with SGLT2 Inhibition,4467,1,0,0,1,1,1,1,1,1,1,1,NA,0,1,0,1,11,
https://www.youtube.com/watch?v=KYQ2dPW5nEU,20. Human Genetics; SNPs; and Genome Wide Associate Studies,4677,1,0,1,1,1,1,1,0,1,1,1,NA,0,1,0,0,10,
https://www.youtube.com/watch?v=FHjK1dwlpm0,IPPCR 2015: Clinical Research from the Patient's Perspective & Study Participant Selection,5498,1,1,1,1,1,1,1,1,1,1,1,NA,1,1,1,1,15,
https://www.youtube.com/watch?v=USBM2TOgi2I,Critical Care Paramedic 10:  GI and GU Emergencies,6502,1,0,1,1,1,1,1,1,1,1,0,NA,1,0,0,1,11,