,URL,Title,Duration,1,3,4,5,8,9,10,11,13,14,18,19,20,21,22,25,info,action,understand
1,sQ_BFNGg0CU,How Glitazones Work,60,1.0,0.0,0.0,0.0,,,1.0,,,1.0,,,0.0,0.0,0.0,,1,0,1
2,yvVYwkV1Buo,What is Persistent Diarrhea?,60,1.0,1.0,1.0,1.0,,,1.0,,,1.0,,,1.0,1.0,0.0,,0,1,1
3,t9o7jGViy4w,DPP4 inhibitors - Overview,61,1.0,0.0,0.0,0.0,0.0,0.0,1.0,0.0,,1.0,,,1.0,1.0,0.0,,0,1,0
4,kvQkyNOv4Rs,Health Update (Beta Mix) - Captain Novolin,61,0.0,1.0,1.0,0.0,0.0,0.0,0.0,0.0,,1.0,,,0.0,0.0,0.0,,0,0,0
5,DUlLEmobwys,Active Kids. Active Adults. - Physical Activity,61,1.0,1.0,1.0,1.0,0.0,0.0,1.0,0.0,,1.0,,,1.0,1.0,0.0,,0,1,1
6,0ttVVGfydkw,Heart Disease and Diabetes,61,1.0,1.0,1.0,1.0,0.0,0.0,1.0,0.0,,1.0,,,1.0,1.0,0.0,,1,1,1
7,xQHL1JVl3bc,Find a diabetes self-management education program in your area,61,1.0,1.0,1.0,1.0,0.0,0.0,1.0,0.0,,1.0,,,1.0,1.0,0.0,,0,1,1
8,Jk5IXhB9ZXM,Diabetes Rx May Do Double Duty for ParkinsonÄôs Disease,63,1.0,1.0,1.0,1.0,0.0,0.0,1.0,0.0,,1.0,,,0.0,0.0,0.0,,1,0,1
9,Vb-nz6op8yg,BMI Calculator For Women And Men & What is BMI ?,65,1.0,1.0,1.0,1.0,0.0,0.0,1.0,0.0,,1.0,1.0,,0.0,0.0,0.0,,1,0,1
10,kcuUcHU21Ik,Diabetes Basics: Hypoglycemia and Hyperglycemia,66,1.0,1.0,1.0,1.0,0.0,0.0,1.0,0.0,,1.0,,,0.0,0.0,0.0,,1,0,1
11,shsNVuFRKDo,Total Pancreatectomy with Autologous Islet Cell Transplant,66,1.0,0.0,0.0,0.0,0.0,0.0,1.0,0.0,,1.0,,,0.0,0.0,0.0,,0,0,0
12,HMe6iDvwFUw,The Connection Between Melatonin and Type 2 Diabetes,67,1.0,0.0,0.0,1.0,0.0,0.0,1.0,0.0,,1.0,,,0.0,0.0,0.0,,1,0,0
13,4JLnkpdjoU8,Type 1 Diabetes and Viral Infections,68,1.0,1.0,1.0,1.0,0.0,0.0,1.0,0.0,,1.0,,,0.0,0.0,0.0,,1,0,1
14,6IulrGavrjM,Diabetes Foot Care: Screening - Risk Factors,71,1.0,1.0,1.0,1.0,1.0,1.0,1.0,0.0,,1.0,,,1.0,1.0,0.0,,1,1,1
15,0ju0YMLt2sc,Glycosuria (Medical Symptom),71,1.0,1.0,1.0,0.0,0.0,0.0,0.0,0.0,1.0,,,,0.0,0.0,0.0,,0,0,0
16,2OFHQnz9vSg,How to avoid Frequent Urination,73,1.0,1.0,1.0,0.0,0.0,0.0,1.0,0.0,,1.0,,,1.0,1.0,1.0,,1,1,1
17,Y98ry3671Rg,What Is a Normal Blood Sugar Level,74,1.0,1.0,1.0,0.0,0.0,0.0,1.0,0.0,,0.0,,,0.0,0.0,0.0,,1,0,0
18,LI4AE9ys4eo,DPP4 Inhibitors is a Class of Medications that are Commonly Used to Treat Diabetes,74,1.0,1.0,1.0,1.0,1.0,1.0,1.0,0.0,,1.0,,,0.0,0.0,0.0,,1,0,1
19,87DX7150ovo,Popular Diabetes Rx May Have New Destination in the Body,74,1.0,1.0,1.0,1.0,0.0,0.0,1.0,0.0,,1.0,,,0.0,0.0,0.0,,1,0,1
20,M4BOOuJ2oiI,Polydipsia and Glycosuria (Medical Symptom),75,1.0,1.0,1.0,0.0,0.0,0.0,0.0,0.0,1.0,,,,0.0,0.0,0.0,,0,0,0
21,sCQmLYpXaYg,Coxiella burnetii-animated quick review,75,1.0,1.0,1.0,1.0,0.0,0.0,1.0,0.0,,1.0,,,0.0,0.0,0.0,,1,0,1
22,lshzaYhtOyA,Blurred vision and Glycosuria (Medical Symptom),76,1.0,1.0,1.0,0.0,0.0,0.0,0.0,0.0,1.0,,,,0.0,0.0,0.0,,0,0,0
23,80lIWoGHNNA,Angela Mack; RD; LD; CD; CDE - Diabetes and Metabolism,76,0.0,1.0,1.0,0.0,0.0,0.0,1.0,0.0,,1.0,,,0.0,0.0,0.0,,0,0,0
24,dCpHGtG9AZ8,Study identifies genes that drive type 2 diabetes,76,1.0,1.0,1.0,1.0,0.0,0.0,1.0,0.0,,1.0,,,0.0,0.0,0.0,,1,0,1
25,4uQrCTkPrFU,Female Sexual Dysfunction Causes,77,1.0,1.0,1.0,0.0,0.0,0.0,1.0,0.0,,1.0,,,0.0,0.0,0.0,,0,0,1
26,t1cZrBYbdYs,Diabetes (3/5): Oral Meds (Dirty Mnemonic) Pharmacology Insulin Resistance - Sulfonylurea; Biguanide,78,1.0,1.0,1.0,1.0,0.0,0.0,1.0,0.0,,1.0,,,0.0,0.0,0.0,,1,0,1
27,tGLEWEKHXFQ,Link between Diabetes & Heart Disease | Heart Disease,79,1.0,1.0,1.0,1.0,0.0,0.0,1.0,0.0,,1.0,,,0.0,0.0,0.0,,1,0,1
28,-s2qC5doR3s,Glycosuria and Polyuria (Medical Symptom),81,1.0,1.0,1.0,0.0,0.0,0.0,0.0,0.0,1.0,,,,0.0,0.0,0.0,,0,0,0
29,E3nTHnkZybk,Polydipsia; Blurred vision and Glycosuria (Medical Symptom),81,1.0,1.0,1.0,0.0,0.0,0.0,0.0,0.0,1.0,,,,0.0,0.0,0.0,,0,0,0
30,BZS0amkjOhI,Polyuria and Polyphagia (Medical Symptom),81,1.0,1.0,1.0,0.0,0.0,0.0,0.0,0.0,1.0,,,,0.0,0.0,0.0,,0,0,0
31,p1sEh1IUsKM,Fatigue and Glycosuria (Medical Symptom),82,1.0,1.0,1.0,0.0,0.0,0.0,0.0,0.0,1.0,,,,0.0,0.0,0.0,,0,0,0
32,imQ5qMqdoJM,FDA approves new diabetic insulin inhaler,82,1.0,1.0,1.0,1.0,0.0,0.0,1.0,0.0,,1.0,,,0.0,0.0,0.0,,1,0,1
33,-tbK80HA5fw,Polydipsia; Glycosuria and Polyphagia (Medical Symptom),83,1.0,1.0,1.0,0.0,0.0,0.0,0.0,0.0,1.0,,,,0.0,0.0,0.0,,0,0,0
34,MatiZeIGpb0,Weekend House Call: Acanthosis nigricans,84,1.0,1.0,1.0,1.0,0.0,0.0,0.0,0.0,,1.0,,,1.0,1.0,0.0,,1,1,1
35,odKDsbjKWps,TZD Takes Everyone,84,0.0,1.0,1.0,1.0,0.0,0.0,1.0,0.0,,1.0,,,0.0,0.0,0.0,,0,0,1
36,UOvWr-vMO94,Polydipsia; Polyuria and Polyphagia (Medical Symptom),85,1.0,1.0,1.0,0.0,0.0,0.0,0.0,0.0,1.0,,,,0.0,0.0,0.0,,0,0,0
37,-sWQnJ5dMSM,Polydipsia; Glycosuria and Polyuria (Medical Symptom),86,1.0,1.0,1.0,0.0,0.0,0.0,0.0,0.0,1.0,,,,0.0,0.0,0.0,,0,0,0
38,nxS-LP1StvE,Fatigue; Polydipsia and Glycosuria (Medical Symptom),86,1.0,1.0,1.0,0.0,0.0,0.0,0.0,0.0,1.0,,,,0.0,0.0,0.0,,0,0,0
39,OgpVYTnsmuk,Blurred vision; Glycosuria and Polyuria (Medical Symptom),87,1.0,1.0,1.0,0.0,0.0,0.0,0.0,0.0,1.0,,,,0.0,0.0,0.0,,0,0,0
40,ECG6sZiJ3Jc,Glycosuria; Polyuria and Polyphagia (Medical Symptom),89,1.0,1.0,1.0,0.0,0.0,0.0,0.0,0.0,1.0,,,,0.0,0.0,0.0,,0,0,0
41,nyRrm-cCj9g,some important side effects of canagliflozin,89,1.0,0.0,0.0,0.0,0.0,0.0,1.0,0.0,1.0,,1.0,,0.0,0.0,0.0,,1,0,0
42,VXQ0aQHe9VQ,Insulin Secretion Beta Cell - Diabetes,90,1.0,0.0,0.0,0.0,0.0,0.0,1.0,0.0,1.0,,1.0,,0.0,0.0,0.0,,1,0,0
43,pLrDuFCN3BI,Robin went off of all insulin and reduced eye pressure by 50% with Virta,90,1.0,1.0,1.0,1.0,0.0,0.0,1.0,0.0,,1.0,,,0.0,0.0,0.0,,0,0,1
44,0bRS-6GDLy4,Fatigue; Glycosuria and Polyuria (Medical Symptom),92,1.0,1.0,1.0,0.0,0.0,0.0,0.0,0.0,1.0,,,,0.0,0.0,0.0,,0,0,0
45,vfhreWZaLTs,Can Stem Cells Cure Blindness?,92,1.0,1.0,1.0,1.0,0.0,0.0,1.0,0.0,,1.0,,,0.0,0.0,0.0,,1,0,1
46,2N64oGaFQCA,Diabetes Medication,94,1.0,0.0,0.0,0.0,0.0,0.0,1.0,0.0,,1.0,,,0.0,0.0,0.0,,1,0,0
47,xmJ3zYQhUuo,Federal Employee: Type 2 Diabetes and Prediabetes Fast Facts: Risk Factors,95,1.0,1.0,1.0,0.0,1.0,1.0,1.0,0.0,1.0,,1.0,,1.0,1.0,1.0,,1,1,1
48,QfE4CBG90tM,Type 2 Diabetes and Prediabetes Fast Facts: Risk Factors,95,1.0,1.0,1.0,0.0,1.0,1.0,1.0,0.0,1.0,,1.0,,1.0,1.0,1.0,,1,1,1
49,AJ9QNdP9fHk,Fatigue; Polydipsia and Blurred vision (Medical Symptom),95,1.0,1.0,1.0,0.0,0.0,0.0,0.0,0.0,1.0,,,,0.0,0.0,0.0,,0,0,0
50,G11lr2N7gjQ,Do you know the risk factors for prediabetes and type 2 diabetes?,96,1.0,1.0,1.0,1.0,0.0,0.0,1.0,0.0,,1.0,,,0.0,0.0,0.0,,1,0,1
51,6lMJSzwffs4,Foods to Avoid after Bariatric Surgery | Obesity,97,1.0,1.0,1.0,1.0,0.0,0.0,1.0,0.0,,1.0,,,1.0,1.0,0.0,,1,1,1
52,yUZno6t4mTg,What Is Diabulimia? | Eating Disorders,97,1.0,1.0,1.0,1.0,0.0,0.0,1.0,0.0,,1.0,,,1.0,1.0,0.0,,1,1,1
53,_L2dpW_bFRc,Metabolic Syndrome and Plant-Based Diets,97,1.0,1.0,1.0,1.0,0.0,0.0,1.0,0.0,,1.0,,,0.0,0.0,0.0,,1,0,1
54,Bkvp1kKQLcE,Control Your Blood Sugar Levels for Diabetic Peoples,98,1.0,1.0,1.0,1.0,0.0,0.0,0.0,0.0,,1.0,,,1.0,1.0,1.0,,0,1,1
55,0Y4kAKn6bGc,Counting Carbohydrates Using a Food Label - Diabetes Center for Children at CHOP,98,1.0,1.0,1.0,1.0,0.0,0.0,1.0,0.0,,1.0,1.0,,1.0,1.0,1.0,1.0,1,1,1
56,Ika3dP47fAo,Home remedies for urinary tract infection or UTI (urine infection) without single penny,98,1.0,1.0,1.0,0.0,0.0,0.0,1.0,0.0,,1.0,,,1.0,1.0,1.0,,1,1,1
57,yP9OxQM1wls,Glycemic Index Table-Glycemic Index Food List-Glycemic Index Weight Loss-G.I. Index,100,1.0,1.0,1.0,0.0,0.0,0.0,1.0,0.0,1.0,,,,0.0,0.0,0.0,,1,0,1
58,PLPdAD15Ndg,What Causes Diabetic Foot Ulcers?,100,1.0,1.0,1.0,1.0,0.0,0.0,1.0,0.0,,1.0,,,0.0,0.0,0.0,,0,0,1
59,oCGgwc1Cb9A,Fatigue; Blurred vision and Polyuria (Medical Symptom),102,1.0,1.0,1.0,0.0,0.0,0.0,0.0,0.0,1.0,,,,0.0,0.0,0.0,,0,0,0
60,-J8UflGeY48,What Is Pancreatitis? | Stomach Problems,103,1.0,1.0,1.0,1.0,0.0,0.0,1.0,0.0,,1.0,,,0.0,0.0,0.0,,1,0,1
61,4CBIYoDF288,No more Insulin Injections? Encapsulated Pancreatic Cells offer possible new Diabetes Treatment.,103,1.0,0.0,0.0,0.0,0.0,0.0,1.0,0.0,1.0,0.0,1.0,,0.0,0.0,0.0,,1,0,0
62,drDU7X4kAf8,Joslin Scientists Advance Understanding of Human Brown Adipose Tissue and Grow New Cells,104,1.0,0.0,0.0,1.0,0.0,0.0,1.0,0.0,,1.0,,,0.0,0.0,0.0,,1,0,0
63,FnIf3OPDBFM,Willie reduced insulin down from 72 units of insulin per day to 0 on Virta,104,1.0,1.0,1.0,1.0,0.0,0.0,1.0,0.0,,1.0,,,0.0,0.0,0.0,,0,0,1
64,PuF0aJS_qaw,Osteoporosis | tzds and sulfonureas more fractures than metformin,104,1.0,0.0,0.0,1.0,0.0,0.0,1.0,0.0,0.0,1.0,0.0,,0.0,0.0,0.0,,1,0,0
65,V9FDxlZ_sik,First Aid Tips : How to Treat Insulin Shock,104,1.0,1.0,1.0,1.0,0.0,0.0,1.0,0.0,,1.0,,,0.0,0.0,0.0,,1,0,1
66,0phXsBQW48M,Smartphone app to cure blindness - Truthloader Investigates,105,1.0,1.0,1.0,1.0,0.0,0.0,1.0,0.0,,1.0,,,0.0,0.0,0.0,,1,0,1
67,LMvNeaUMRlw,Korean researchers develop nanopatch to monitor diabetes,105,1.0,0.0,0.0,1.0,0.0,0.0,1.0,0.0,1.0,1.0,1.0,,0.0,0.0,0.0,,1,0,1
68,OaxRva_GajU,Call Up the Glucagon - Glycogenolysis Rap,106,1.0,0.0,0.0,1.0,0.0,0.0,0.0,0.0,1.0,0.0,1.0,,0.0,0.0,0.0,,0,0,0
69,WGw-7Y0xEV0,SECOND OPINION | MEDICAL INNOVATIONS | ARTIFICIAL PANCREAS | BCBS,106,1.0,1.0,1.0,1.0,0.0,0.0,1.0,0.0,,1.0,1.0,,0.0,0.0,0.0,,0,0,1
70,asTNBEltQQc,Clinical Psychologist: Katherine L. Applegate; PhD,106,1.0,1.0,0.0,1.0,0.0,0.0,1.0,0.0,,1.0,,,0.0,0.0,0.0,,0,0,1
71,Wd5Qmjt3egI,Diabetics Have Inhalable Insulin Option,106,1.0,1.0,1.0,1.0,0.0,0.0,1.0,0.0,,1.0,,,0.0,0.0,0.0,,1,0,1
72,QfRpnA3CKos,Amylin Pharmaceuticals Increases Speed to Insight with 100 Million Rows,110,1.0,1.0,0.0,1.0,0.0,0.0,1.0,0.0,,1.0,,,0.0,0.0,0.0,,0,0,1
73,sBx5OHKW2nM,Medicare & You: End stage renal disease/kidney transplant eligibility & enrollment,110,1.0,1.0,1.0,1.0,0.0,0.0,1.0,0.0,,1.0,,,0.0,0.0,0.0,,1,0,1
74,RABThDFW000,Chromium; the Amazing for Insulin Resistance,111,1.0,1.0,1.0,1.0,0.0,0.0,1.0,0.0,1.0,1.0,1.0,,1.0,1.0,0.0,,1,1,1
75,Lq2taGJseak,Auto Islet Transplantation and Other Treatment Options at Ohio StateÄôs Pancreas Clinic,111,1.0,1.0,1.0,1.0,0.0,0.0,1.0,0.0,,1.0,,,0.0,0.0,0.0,,0,0,1
76,xuNEnhCZFLo,Tom's story (NHS Diabetes Prevention Programme),111,1.0,1.0,1.0,1.0,0.0,0.0,1.0,0.0,,1.0,,,1.0,1.0,0.0,,1,1,1
77,40UJSG_B5vA,Natural Tea For Control Diabetes | Why Drinking Tea May Help Prevent and Manage Type 2 Diabetes,112,1.0,1.0,1.0,1.0,0.0,0.0,1.0,0.0,,1.0,,,1.0,1.0,1.0,,1,1,1
78,8CBC8vf8K_s,How To Reverse Type 2 Diabetes - Diabetic Nephropathy,113,1.0,1.0,1.0,1.0,0.0,0.0,1.0,0.0,,1.0,,,0.0,0.0,0.0,,0,0,1
79,1Zsyast6s9Y,What Is a Sugar Glider? | Sugar Gliders,113,1.0,1.0,0.0,1.0,0.0,0.0,1.0,0.0,,1.0,,,0.0,0.0,0.0,,0,0,1
80,Yhn2qguQfUM,Polydipsia; Blurred vision and Polyuria (Medical Symptom),114,1.0,1.0,1.0,0.0,0.0,0.0,0.0,0.0,1.0,1.0,,,0.0,0.0,0.0,,0,0,1
81,sQ-0RkPu35o,Animation: Detecting diabetic retinopathy through a dilated eye exam,114,1.0,0.0,0.0,1.0,0.0,0.0,1.0,0.0,1.0,1.0,1.0,,0.0,0.0,0.0,,1,0,1
82,rPmDXv-fBRQ,Troubleshooting high blood-glucose levels Äì Miriam's personal story,115,1.0,1.0,1.0,1.0,0.0,0.0,1.0,0.0,,1.0,,,0.0,0.0,0.0,,1,0,1
83,GZdmuwRYNAs,Early Estimation of ESRD Risk,115,1.0,1.0,1.0,1.0,0.0,0.0,1.0,0.0,1.0,1.0,1.0,,0.0,0.0,0.0,,1,0,1
84,x93I3a30FEg,Design of a Noninvasive Glucose Monitor,116,1.0,1.0,0.0,1.0,0.0,0.0,1.0,0.0,,1.0,,,0.0,0.0,0.0,,0,0,1
85,ZCpSiSS0Yv4,Pancreatic Auto Islet Transplantation with Total Pancreatectomy,117,1.0,0.0,1.0,1.0,0.0,0.0,1.0,0.0,1.0,1.0,1.0,,0.0,0.0,0.0,,1,0,1
86,oIyXFT6YGBE,CANVAS,118,0.0,0.0,0.0,1.0,0.0,0.0,1.0,0.0,,1.0,,,0.0,0.0,0.0,,1,0,0
87,Q4p6Suko25A,Fatigue and Polydipsia (Medical Symptom),119,1.0,1.0,1.0,0.0,0.0,0.0,0.0,0.0,1.0,,,,0.0,0.0,0.0,,0,0,0
88,LedWl2QTy40,Is Meat Good For Diabetes || Diabetes Diet Plan,119,1.0,1.0,1.0,1.0,0.0,0.0,1.0,0.0,,1.0,,,0.0,0.0,0.0,,1,0,1
89,JHgUzLCWqvw,B cell activation,121,1.0,0.0,0.0,1.0,0.0,0.0,1.0,0.0,1.0,1.0,1.0,,0.0,0.0,0.0,,1,0,1
90,QMzNnvkYOF0,How to Test Your Blood Glucose Level | FreeStyle Precision Neo,122,1.0,1.0,1.0,1.0,0.0,0.0,1.0,0.0,1.0,1.0,1.0,,1.0,1.0,1.0,,1,1,1
91,ufCiGz75DAk,Biology: Cell Transport,123,1.0,0.0,1.0,1.0,0.0,0.0,1.0,0.0,1.0,1.0,1.0,,0.0,0.0,0.0,,1,0,1
92,DBXgnMfVFzI,Food and Your Blood Sugar -- Lantus and Novolog - Diabetes Center for Children at CHOP,123,1.0,1.0,1.0,1.0,0.0,0.0,1.0,0.0,1.0,1.0,1.0,,0.0,0.0,0.0,,1,0,1
93,7QL2CaJFn_k,Guide to - Prescribing intermediate and/or long-acting insulin,124,0.0,0.0,0.0,0.0,0.0,0.0,1.0,0.0,0.0,,0.0,,0.0,0.0,0.0,,0,0,0
94,29KdXZH0niA,Glycemic Load vs. Glycemic Index,124,1.0,1.0,1.0,1.0,0.0,0.0,1.0,0.0,,1.0,,,0.0,0.0,0.0,,1,0,1
95,SA-sug6P0fM,Polydipsia and Polyuria (Medical Symptom),125,1.0,1.0,1.0,0.0,0.0,0.0,0.0,0.0,1.0,,,,0.0,0.0,0.0,,0,0,0
96,u3QmJbB9lvk,New target for diabetes therapies,125,1.0,0.0,0.0,1.0,0.0,0.0,1.0,0.0,,1.0,,,0.0,0.0,0.0,,1,0,0
97,nDxfxIaRfQ4,Purify Your Kidneys; Liver and Pancreas Using Only One Ingredient,126,1.0,1.0,1.0,1.0,0.0,0.0,1.0,0.0,1.0,1.0,,,1.0,1.0,1.0,,1,1,1
98,nSwBbPUUduQ,GlySureÑ¢ | Continuous Glucose Monitoring System - Marketing Film,126,1.0,1.0,0.0,1.0,0.0,0.0,1.0,0.0,1.0,1.0,1.0,,0.0,0.0,0.0,,0,0,1
99,jvg8EmtWF78,Which glucose meter is the best on the market?,127,1.0,1.0,1.0,1.0,0.0,0.0,1.0,0.0,,1.0,,,0.0,0.0,0.0,,0,0,1
100,m3xKf7bNQ0Q,Normal Blood Sugar For Children,127,1.0,1.0,1.0,0.0,0.0,0.0,1.0,1.0,1.0,1.0,,,1.0,0.0,0.0,,1,0,1
101,wP3Bra09rcQ,How to Deal with Gestational Diabetes,128,1.0,1.0,1.0,1.0,0.0,0.0,1.0,0.0,,1.0,,,1.0,1.0,0.0,,1,1,1
102,Ef-NZtTVSMM,Hyperinsulinaemia and Disseminated Arterial Disease - Part 02,130,1.0,0.0,0.0,1.0,0.0,0.0,1.0,0.0,,1.0,,,0.0,0.0,0.0,,1,0,0
103,f4D5IgUYn3w,Preventing Infections When Monitoring Blood Glucose,130,1.0,1.0,1.0,1.0,0.0,0.0,1.0,0.0,,1.0,,,1.0,0.0,0.0,,1,0,1
104,Rg-ao84fnrw,Joyful condition;;;;  insulin in your blood;;;;;?,131,0.0,0.0,0.0,0.0,0.0,0.0,0.0,0.0,,0.0,,,0.0,0.0,0.0,,0,0,0
105,ScjyYj7UdsM,Dr. Max Gomez: Artificial Pancreas,132,1.0,1.0,1.0,1.0,0.0,0.0,1.0,0.0,,1.0,,,0.0,0.0,0.0,,1,0,1
106,nTQcW7frfSw,Inhaled Insulin Is Quick & Easy To Use; But Is It A Game-Changer?,132,1.0,1.0,1.0,1.0,0.0,0.0,1.0,0.0,,1.0,,,0.0,0.0,0.0,,1,0,1
107,usIZ0YSQFD0,antidiabetes drugs,132,1.0,0.0,0.0,1.0,0.0,0.0,1.0,0.0,,1.0,,,0.0,0.0,0.0,,0,0,0
108,aVWZDhk-DVU,Diabetes Medication,133,1.0,0.0,0.0,0.0,0.0,0.0,1.0,0.0,,1.0,,,0.0,0.0,0.0,,1,0,0
109,ItjPn8WxVSA,Pharmacokinetics: Vd; Clearance; Half-life: Calculation Drug Distribution; Elimination; Rate,135,1.0,0.0,0.0,0.0,0.0,0.0,1.0,0.0,1.0,1.0,,,0.0,0.0,0.0,,1,0,0
110,Ex5_Z-DpJ0A,This Remedy Is The ÄúBestÄù For Cholesterol; Diabetes; Infections and More...,136,1.0,1.0,1.0,1.0,0.0,0.0,1.0,0.0,1.0,1.0,,,1.0,1.0,1.0,,1,1,1
111,J4AacdAkP08,I Woke Up With Acne!,136,1.0,1.0,1.0,1.0,0.0,0.0,1.0,0.0,,1.0,1.0,,0.0,0.0,0.0,,0,0,1
112,IVz7xJxHOjk,Improving Glycemic Control in Diabetes,137,1.0,0.0,0.0,1.0,0.0,0.0,1.0,0.0,1.0,1.0,1.0,,0.0,0.0,0.0,,1,0,1
113,Grw7zvY9gY8,What Is Peripheral Vascular Disease? | Heart Disease,137,1.0,1.0,1.0,1.0,0.0,0.0,1.0,0.0,,1.0,,,0.0,0.0,0.0,,1,0,1
114,KtT7zvYJekA,Medication | diabetes medicines cause arthritis,138,1.0,1.0,1.0,1.0,0.0,0.0,1.0,0.0,,1.0,,,0.0,0.0,0.0,,1,0,1
115,jPrElTL3rrA,Cushing's Disease,138,1.0,1.0,1.0,1.0,0.0,0.0,1.0,0.0,,1.0,,,0.0,0.0,0.0,,0,0,1
116,QFc-5oXgbYY,Exercise Training Alters Subcutaneous White Adipose Tissue (scWAT),139,1.0,0.0,0.0,1.0,0.0,0.0,1.0,0.0,,1.0,,,0.0,0.0,0.0,,1,0,0
117,IkoC3HZwe7Q,Overweight World - Obesity Facts and Statistics,140,1.0,1.0,1.0,1.0,0.0,0.0,1.0,0.0,1.0,1.0,1.0,,0.0,0.0,0.0,,1,0,1
118,mco8vQPhFho,Glucosense  ends finger pricking for people with Diabetes,140,1.0,1.0,1.0,1.0,0.0,0.0,1.0,0.0,,1.0,1.0,,0.0,0.0,0.0,,0,0,1
119,JNUmKulUWec,Richard M. and the YMCA Diabetes Prevention Program,140,1.0,1.0,1.0,1.0,0.0,0.0,1.0,0.0,,1.0,,,0.0,0.0,0.0,,0,0,1
120,49OlI6LmMDU,How To Improve $exual Drive For Diabetic Patient,141,1.0,1.0,1.0,1.0,0.0,0.0,1.0,0.0,1.0,1.0,1.0,,1.0,1.0,1.0,,0,1,1
121,HvcQdJcN6mk,Inhaled Insulin Offers Alternative For Needle Weary Diabetics,142,1.0,1.0,1.0,1.0,0.0,0.0,1.0,0.0,,1.0,,,0.0,0.0,0.0,,1,0,1
122,XeZgKLfIJn4,How  to Give Your Diabetic Cat an Insulin Injection,142,1.0,1.0,1.0,1.0,0.0,0.0,1.0,0.0,1.0,1.0,1.0,,1.0,1.0,1.0,,1,1,1
123,H-8wC490oEs,Polydipsia (Medical Symptom),144,1.0,1.0,1.0,0.0,0.0,0.0,0.0,0.0,1.0,,,,0.0,0.0,0.0,,0,0,0
124,oj0pjco--Yw,Polyuria (Medical Symptom),144,1.0,1.0,1.0,0.0,0.0,0.0,0.0,0.0,1.0,,,,0.0,0.0,0.0,,0,0,0
125,Wa7yYFPVb6o,Observational Study Finds SanofiÄôs Diabetes Drug Lowers Incidence of Hypoglycemia,144,1.0,0.0,0.0,1.0,0.0,0.0,1.0,0.0,,1.0,,,0.0,0.0,0.0,,0,0,0
126,LCdTfQXDK34,Why is Tony Robbins so gigantic   Acromegaly - #FOTD265,144,1.0,1.0,1.0,1.0,0.0,0.0,1.0,0.0,,1.0,,,0.0,0.0,0.0,,1,0,1
127,8hnvY6_Jpvg,3 Simple Home Remedies To TREAT URINARY TRACT INFECTION (UTI) In Women,146,1.0,1.0,1.0,1.0,0.0,0.0,1.0,0.0,1.0,1.0,1.0,,1.0,1.0,1.0,,1,1,1
128,l_9vgXkmVnk,Glucose Test,147,1.0,1.0,1.0,1.0,0.0,0.0,1.0,0.0,,1.0,,,0.0,0.0,0.0,,1,0,1
129,3NRpp1pBN2E,Cara pemakaian insulin penggunaan insulin pen,148,1.0,1.0,1.0,0.0,0.0,0.0,1.0,0.0,,1.0,0.0,,1.0,1.0,1.0,,0,1,1
130,K4SOS9okas4,Get to Know CDCÄôs National Diabetes Prevention Program,151,1.0,1.0,1.0,1.0,0.0,0.0,1.0,0.0,0.0,1.0,,,0.0,0.0,0.0,,1,0,1
131,7Au-MRjoHYQ,What is the National Diabetes Prevention Program?,151,1.0,1.0,1.0,1.0,0.0,0.0,1.0,0.0,1.0,1.0,,,0.0,0.0,0.0,,1,0,1
132,UeXD730uIII,On the Job with the National Diabetes Prevention Program,151,1.0,1.0,1.0,1.0,0.0,0.0,1.0,0.0,1.0,1.0,,,0.0,0.0,0.0,,1,0,1
133,bhOF3Kx8CEQ,Reversing Prediabetes,151,1.0,1.0,1.0,1.0,0.0,0.0,1.0,0.0,1.0,1.0,,,1.0,1.0,0.0,,1,1,1
134,99CLGZNuFqE,Diabetes Self-Management Education,151,1.0,1.0,1.0,1.0,0.0,0.0,1.0,0.0,,1.0,,,0.0,0.0,0.0,,1,0,1
135,auIwEV1SiBQ,Fragile X Syndrome,152,1.0,0.0,0.0,1.0,0.0,0.0,1.0,0.0,1.0,1.0,1.0,,0.0,0.0,0.0,,1,0,1
136,k22zlWRzbk0,Risk Factors For Diabetes and Diabetes Type 1 Risk Factors,153,1.0,1.0,1.0,0.0,0.0,0.0,1.0,0.0,1.0,0.0,,,0.0,0.0,0.0,,0,0,1
137,QTKS0AUbEao,NetSure LifeScan IT Asset Management By Curvature,153,1.0,1.0,1.0,1.0,0.0,0.0,1.0,0.0,1.0,1.0,1.0,,0.0,0.0,0.0,,0,0,1
138,U3z9nMMklFw,How Turmeric tea cure Diabetics? | Here is the Evidence,154,1.0,1.0,1.0,1.0,0.0,0.0,1.0,0.0,,1.0,1.0,,1.0,1.0,1.0,,0,1,1
139,mbD2oAjPU0c,How To Prepare an Insulin Syringe to Inject a Diabetic Cat,154,1.0,1.0,1.0,1.0,0.0,0.0,1.0,0.0,,1.0,1.0,,1.0,1.0,1.0,,1,1,1
140,7VQfOt_2XG4,Statins & Cholesterol: CoQ10 Lowers Side Effects (& diabetes; hyperglycemia risks),155,1.0,1.0,1.0,1.0,0.0,0.0,1.0,0.0,1.0,1.0,1.0,,0.0,0.0,0.0,,0,0,1
141,WjyQTmJBXFg,What is Metabolic Syndrome?,155,1.0,1.0,1.0,1.0,0.0,0.0,1.0,0.0,1.0,1.0,1.0,,0.0,0.0,0.0,,1,0,1
142,Uk6U9ROn_MU,Invokana Amputation Lawsuits: Contact the F & A Diabetes Drug Injury Lawyers,155,1.0,1.0,1.0,1.0,0.0,0.0,1.0,0.0,,1.0,,,0.0,0.0,0.0,,0,0,1
143,1C2WpZA_L4E,I Shit My Pants,155,1.0,1.0,1.0,1.0,0.0,0.0,1.0,0.0,,0.0,,,0.0,0.0,0.0,,0,0,1
144,JJoyWK58CvY,Physical Activity in Schools,156,1.0,1.0,1.0,1.0,0.0,0.0,1.0,0.0,,1.0,1.0,,0.0,0.0,0.0,,0,0,1
145,kDF2-ScA5gw,Tell Me a Story: Teen Who Feels No Pain Counts Her Blessings,156,1.0,1.0,1.0,1.0,0.0,0.0,1.0,0.0,,1.0,,,0.0,0.0,0.0,,0,0,1
146,rDoCCS-fBls,5 Things that increase women's sexual desire,156,1.0,1.0,1.0,1.0,0.0,0.0,1.0,0.0,1.0,1.0,,,1.0,1.0,1.0,,0,1,1
147,JqJaVvLO748,Signs & Symptoms of Diabetes,157,1.0,1.0,1.0,1.0,0.0,0.0,1.0,0.0,1.0,1.0,,,1.0,1.0,0.0,,1,1,1
148,DghH1bas9SQ,Amino Diet - How Does it Work?,158,1.0,1.0,0.0,1.0,0.0,0.0,1.0,0.0,1.0,1.0,,,0.0,0.0,0.0,,0,0,1
149,povArl9xZSg,Basal/Bolus insulin and Carbohydrates,159,1.0,0.0,0.0,0.0,0.0,0.0,1.0,0.0,1.0,1.0,1.0,,0.0,0.0,0.0,,1,0,0
150,Sev0xmmU6LI,Endocrinology - Polyuria: By Jeannette Goguen M.D.,160,1.0,1.0,1.0,1.0,0.0,0.0,1.0,0.0,1.0,1.0,1.0,,1.0,1.0,1.0,,1,1,1
151,_f-KFSSzzlk,Diabetes And Glucose? | Diabetes And High Blood Glucose | Control Your Blood Sugar Levels Naturally,161,1.0,1.0,1.0,1.0,0.0,0.0,1.0,0.0,1.0,1.0,1.0,,0.0,0.0,0.0,,1,0,1
152,iUK-odLKD-k,Diabetes Foot Care: Screening - Vascular,161,1.0,1.0,1.0,1.0,0.0,0.0,1.0,0.0,1.0,1.0,1.0,,1.0,1.0,1.0,,1,1,1
153,CJu37EU9qEk,Intro to Bodyweight Fitness,162,1.0,1.0,1.0,1.0,0.0,0.0,1.0,0.0,,1.0,1.0,,0.0,0.0,0.0,,0,0,1
154,zLbAxztnnfE,Low Thyroid Function and Diabetes,163,1.0,0.0,0.0,0.0,0.0,0.0,1.0,0.0,1.0,1.0,1.0,,0.0,0.0,0.0,,0,0,0
155,f6HtqolhKqo,Blood pressure measurement - OSCE guide,163,1.0,1.0,1.0,1.0,0.0,0.0,1.0,0.0,1.0,1.0,1.0,,0.0,0.0,0.0,,1,0,1
156,e8c5AZFKsJ4,Dipeptidyl peptidase-4 inhibitor,164,1.0,0.0,0.0,0.0,0.0,0.0,1.0,0.0,,1.0,,,0.0,0.0,0.0,,1,0,0
157,EO-tN64_IvY,5 Yoga Poses For DIABETES | Lower Blood Sugar Levels,166,1.0,1.0,1.0,1.0,0.0,0.0,1.0,0.0,,1.0,1.0,,1.0,1.0,1.0,,1,1,1
158,wH6aT1GzY6w,How to Drink Baking Soda; The Natural Remedy  | Drinking Baking Soda For Health,166,1.0,1.0,1.0,1.0,0.0,0.0,1.0,0.0,,1.0,1.0,,1.0,1.0,1.0,,1,1,1
159,dPomv-2PEeo,I CAN'T BELIEVE IT WORKS - Natural Trick For Diabetes Control || BOILED EGG,167,1.0,1.0,1.0,1.0,0.0,0.0,1.0,0.0,,1.0,1.0,,1.0,1.0,1.0,,0,1,1
160,_P7nLJWuvks,Only 30 Days Your Blood Sugar Levels Will be Normal | Diabetes Diet,168,1.0,1.0,1.0,1.0,0.0,0.0,1.0,0.0,,1.0,1.0,,1.0,1.0,1.0,,0,1,1
161,3R6gfAa2w8w,Impaired glucose tolerance,169,1.0,0.0,0.0,0.0,0.0,0.0,1.0,0.0,,1.0,,,0.0,0.0,0.0,,1,0,0
162,fIsuxH01R90,Home Remedies for Diabetes Kill Diabetes Forever In Just 8 Days Easy And Faster,169,1.0,1.0,1.0,1.0,0.0,0.0,1.0,0.0,,1.0,1.0,,1.0,1.0,1.0,,0,1,1
163,UTuF58aK5po,Guide to - Prescribing short-acting insulin,170,1.0,0.0,0.0,0.0,0.0,0.0,1.0,0.0,0.0,1.0,0.0,,0.0,0.0,0.0,,0,0,0
164,zsVRO4IZoFw,NO MEDICINE NECESSARY FOR DIABETES - Cure Diabetes,171,1.0,1.0,1.0,1.0,0.0,0.0,1.0,0.0,,1.0,1.0,,1.0,1.0,1.0,,0,1,1
165,tG0ck_xE07M,I Was Never Skinny Enough,174,1.0,1.0,1.0,1.0,0.0,0.0,1.0,0.0,,1.0,1.0,,0.0,0.0,0.0,,1,0,1
166,mLmKq5bQOg0,Myocardial Infarction and Coronary Angioplasty Treatment; Animation.,174,1.0,0.0,0.0,1.0,0.0,0.0,1.0,0.0,,1.0,1.0,,0.0,0.0,0.0,,1,0,1
167,ayuVb9-nFVo,IGF-1 as One-Stop Cancer Shop,176,1.0,0.0,0.0,1.0,0.0,0.0,1.0,0.0,1.0,1.0,1.0,,0.0,0.0,0.0,,1,0,1
168,dKYxRDO2G_0,Living With Diabetes and Without Junk Food,176,1.0,1.0,1.0,1.0,0.0,0.0,1.0,0.0,,1.0,1.0,,1.0,0.0,0.0,,1,0,1
169,1EEJ1Hm66mg,Turmeric Curcumin for Prediabetes,176,1.0,1.0,1.0,1.0,0.0,0.0,1.0,0.0,1.0,1.0,1.0,,1.0,1.0,0.0,,1,1,1
170,VJgnv314808,Postprandial glucose test,178,1.0,0.0,0.0,0.0,0.0,0.0,1.0,0.0,,1.0,,,0.0,0.0,0.0,,1,0,0
171,wvMoHXD3agg,IRIS: Pioglitazone Reduced the Risk of Recurrent Stroke and MI for Study Patients,178,1.0,0.0,0.0,1.0,0.0,0.0,1.0,0.0,,1.0,,,0.0,0.0,0.0,,1,0,0
172,YICvHsKmjzY,Group and Team Activities - Lifelong Physical Activity,178,1.0,1.0,1.0,1.0,0.0,0.0,1.0,0.0,,1.0,,,0.0,0.0,0.0,,0,0,1
173,p0VF1FjLt-U,URINE ANALYSIS: Presence of PROTEIN in urine,179,1.0,0.0,0.0,0.0,0.0,0.0,0.0,0.0,1.0,,1.0,,0.0,0.0,0.0,,0,0,0
174,18japm2PugI,Pre-Diabetes and Diabetes: Prevention; Screening and Risk Factors,181,1.0,1.0,1.0,1.0,0.0,0.0,1.0,0.0,,1.0,,,1.0,1.0,0.0,,1,1,1
175,nMoJ7TZN7l8,Diabetes and migraines an unlikely combination - #FOTD336,182,1.0,1.0,1.0,1.0,0.0,0.0,1.0,0.0,1.0,1.0,1.0,,0.0,0.0,0.0,,1,0,1
176,EipqFlmxCkM,Do I Have Hypoglycemia or Hyperglycemia?,183,1.0,1.0,1.0,1.0,0.0,0.0,1.0,0.0,,1.0,,,0.0,0.0,0.0,,0,0,1
177,nJfB32MtqBA,Hepatic lobule | Gastrointestinal system physiology | NCLEX-RN | Khan Academy,185,1.0,0.0,0.0,1.0,0.0,0.0,1.0,0.0,1.0,1.0,1.0,,0.0,0.0,0.0,,1,0,1
178,wbShOXhO6p8,Heart Attack Due to Atherosclerosis,185,1.0,0.0,0.0,0.0,0.0,0.0,1.0,0.0,,1.0,1.0,,0.0,0.0,0.0,,1,0,0
179,-eg-MHdoJ_Q,Detection of Sugar in Urine - MeitY OLabs,188,1.0,0.0,0.0,0.0,0.0,0.0,1.0,1.0,1.0,1.0,1.0,,1.0,0.0,1.0,,1,1,1
180,IVH_6ciQfZk,Endocrinology - Hirsutism and Hypertrichosis: By Joshua Lakoff M.D.,191,1.0,1.0,1.0,1.0,0.0,0.0,1.0,0.0,1.0,1.0,1.0,,0.0,0.0,0.0,,0,0,1
181,a58oCExOxpw,YMCA Diabetes Prevention Program:  ÄúIt Will Truly Change Your Life.Äù,191,1.0,1.0,1.0,1.0,0.0,0.0,1.0,0.0,,1.0,,,0.0,0.0,0.0,,0,0,1
182,GDlPAQakzo4,Heighten Your Senses By Simulating Blindness!,191,1.0,1.0,1.0,1.0,0.0,0.0,1.0,0.0,,1.0,,,0.0,0.0,0.0,,0,0,1
183,KReNoBISy3A,Where to Begin - Teaching ABE Students with Vision Loss and Blindness,191,1.0,1.0,1.0,1.0,0.0,0.0,1.0,0.0,,1.0,,,0.0,0.0,0.0,,0,0,1
184,cmUXo4Crrm0,How to Inject Insulin,192,1.0,1.0,1.0,1.0,0.0,0.0,1.0,0.0,,1.0,1.0,,1.0,1.0,1.0,,1,1,1
185,numUKaH34rQ,My Eating Disorder Story,193,1.0,1.0,1.0,1.0,0.0,0.0,1.0,0.0,,1.0,,,0.0,0.0,0.0,,1,0,1
186,TBv3xQUGsXA,Healthy Diabetes Diet Tips,194,1.0,1.0,1.0,1.0,0.0,0.0,1.0,0.0,0.0,1.0,,,1.0,1.0,0.0,,0,1,1
187,pD7YdUdEHdw,Diabetes Type 2 - Medication - Metformin; Glimepiride; Rosiglitazone & Insulin,195,1.0,0.0,0.0,1.0,0.0,0.0,1.0,0.0,,1.0,,,0.0,0.0,0.0,,1,0,0
188,HGuGIM54pK4,IF YOU STILL SUFFER FROM DIABETES AND HEART DISEASE TRY THESE -  NATURAL CURE FOR DIABETES,196,1.0,1.0,1.0,0.0,0.0,0.0,1.0,0.0,1.0,1.0,1.0,,1.0,1.0,1.0,,0,1,1
189,EAuf42kd8Aw,Did I Bleach My Skin? | Part 1,199,1.0,1.0,1.0,1.0,0.0,0.0,1.0,0.0,,1.0,,,0.0,0.0,0.0,,0,0,1
190,hfLn2N8KepM,Islet Transplant,199,1.0,0.0,0.0,1.0,0.0,0.0,1.0,0.0,,1.0,,,0.0,0.0,0.0,,0,0,0
191,52sEiZzYP0I,New Device Helping Diabetics Track Blood Sugar Without Fingersticks,200,1.0,1.0,1.0,1.0,0.0,0.0,1.0,0.0,,1.0,,,0.0,0.0,0.0,,0,0,1
192,8dgoeYPoE-0,What does the pancreas do? - Emma Bryce,201,1.0,1.0,1.0,1.0,0.0,0.0,1.0,0.0,1.0,1.0,1.0,,0.0,0.0,0.0,,1,0,1
193,nmWtsPzd-GQ,#24.4 Diagnosing Diabetes in Older Adults: Diabetes (4 of 6),201,1.0,1.0,1.0,1.0,0.0,0.0,1.0,0.0,,1.0,,,1.0,1.0,0.0,,1,1,1
194,kBQEuP5V-Pk,Myocardial Infarction Definition and Symptoms,203,1.0,1.0,1.0,1.0,0.0,0.0,1.0,0.0,,1.0,,,0.0,0.0,0.0,,1,0,1
195,nSuBzZR6llY,Acanthosis Nigricans [DermTV.com Epi #452],204,1.0,1.0,1.0,1.0,0.0,0.0,1.0,0.0,,1.0,,,0.0,0.0,0.0,,1,0,1
196,87TCC0iWB3Q,5 Early Symptoms of Diabetes |  Diabetes Skin Problems | What Causes Diabetes |  Skin Care Routine,205,1.0,1.0,1.0,1.0,0.0,0.0,1.0,0.0,1.0,1.0,1.0,,0.0,0.0,0.0,,1,0,1
197,xlxVZhjfo6s,Mike's Prediabetes Journey | Type 2 Diabetes Prevention | Ad Council,206,1.0,1.0,1.0,1.0,0.0,0.0,1.0,0.0,,1.0,,,0.0,0.0,0.0,,0,0,1
198,Lv4r-P6H7bU,Normal Blood Glucose Levels - What Should YOURS Be?,208,1.0,1.0,1.0,1.0,0.0,0.0,1.0,0.0,,1.0,,,0.0,0.0,0.0,,0,0,1
199,AssXudMGZ8A,Does The Glycemic Index Matter For Bodybuilding & Fat Loss?,208,1.0,1.0,1.0,1.0,0.0,0.0,1.0,0.0,,1.0,,,1.0,1.0,0.0,,1,1,1
200,OMn8Tq5Eyao,The Importance of Intensity in Physical Activity,208,1.0,1.0,1.0,1.0,0.0,0.0,1.0,0.0,1.0,1.0,1.0,,0.0,0.0,0.0,,1,0,1
201,tTM1oaEWoEc,NCLEX Question Review - NPH Insulin,209,1.0,0.0,0.0,0.0,0.0,0.0,1.0,0.0,1.0,1.0,,,0.0,0.0,0.0,,1,0,0
202,a4gT5s-SXSc,Glycogenolysis,210,1.0,0.0,0.0,0.0,0.0,0.0,1.0,0.0,,1.0,1.0,,0.0,0.0,0.0,,1,0,0
203,YtrM9STzEjo,AVOID DIABETES - 8 Easy Ways To Prevent Diabetes || Free Diabetes,210,1.0,1.0,1.0,1.0,0.0,0.0,1.0,0.0,,0.0,,,1.0,0.0,1.0,,0,1,1
204,IMPzAdVOhKY,CaseyÄôs Acromegaly Story: Living with Acromegaly as a Chronic Condition,210,1.0,1.0,1.0,1.0,0.0,0.0,1.0,0.0,,1.0,,,0.0,0.0,0.0,,0,0,1
205,t32eoUB42rw,Are Artificial Sweeteners REALLY Safe?,211,1.0,1.0,1.0,1.0,0.0,0.0,1.0,0.0,,1.0,,,0.0,0.0,0.0,,1,0,1
206,KJDNHjJgbD8,Hypoglycemia; hyperglycemia; blood sugar levels,212,1.0,1.0,1.0,1.0,0.0,0.0,1.0,0.0,1.0,1.0,1.0,,0.0,0.0,0.0,,1,0,1
207,_1uqL32ASRE,Signs and Symptms of Hyperglycemia (High Blood Sugar),214,1.0,1.0,1.0,1.0,0.0,0.0,1.0,0.0,,0.0,,,1.0,1.0,0.0,,0,1,1
208,_JfEDVR5er0,Is Exercise Good For Diabetes,214,1.0,1.0,1.0,1.0,0.0,0.0,1.0,0.0,1.0,1.0,1.0,,1.0,0.0,0.0,,1,0,1
209,NwBzGfKY_gE,What is diabetic ketoacidosis (DKA)? - DiaBiteSize,215,1.0,1.0,1.0,1.0,0.0,0.0,1.0,0.0,,1.0,1.0,,1.0,1.0,0.0,,1,1,1
210,RQCq-FzeYgA,4 Powerful Herbs to Boost Your Sex Drive | Natures Libido Booster,217,1.0,1.0,1.0,1.0,0.0,0.0,1.0,0.0,1.0,1.0,1.0,,1.0,1.0,1.0,,1,1,1
211,fUkKK1BvPvg,2 Investigators: The Black Market For Diabetes Test Strips,219,1.0,1.0,1.0,1.0,0.0,0.0,1.0,0.0,,1.0,,,0.0,0.0,0.0,,0,0,1
212,S09YWIykt2Y,Urinary Tract Infections in Children (UTIs),220,1.0,1.0,1.0,1.0,0.0,0.0,1.0,0.0,,1.0,,,0.0,0.0,0.0,,1,0,1
213,sRxqRU6CCJA,Cure For Diabetes - Is the Pancreatic Islet Transplantation a Feasible Cure For Diabetes,222,1.0,1.0,1.0,0.0,0.0,0.0,1.0,0.0,,1.0,,,0.0,0.0,0.0,,1,0,1
214,_9hPFlSnnNk,Polydipsia,223,1.0,0.0,0.0,0.0,0.0,0.0,1.0,0.0,,1.0,,,0.0,0.0,0.0,,1,0,0
215,XK0r8kINlTw,Take 2 Spoons Daily Kill Diabetes Permanently,225,1.0,1.0,1.0,1.0,0.0,0.0,1.0,0.0,,1.0,1.0,,1.0,1.0,1.0,,1,1,1
216,i90i0YXq5aA,Function of the Pancreas & Pancreatic Disorders - Kambiz Kosari; MD,225,1.0,1.0,1.0,1.0,0.0,0.0,1.0,0.0,,1.0,1.0,,0.0,0.0,0.0,,1,0,1
217,9mp8YkNqbBE,How To Lower Blood Pressure Quickly - Quick Natural Way To Lower Your BP,225,1.0,1.0,1.0,1.0,0.0,0.0,1.0,0.0,,1.0,1.0,,1.0,1.0,1.0,,0,1,1
218,XfyGv-xwjlI,Diabetes Type 1 and Type 2; Animation.,226,1.0,1.0,1.0,0.0,0.0,0.0,1.0,0.0,1.0,1.0,1.0,,0.0,0.0,0.0,,1,0,1
219,qvhHhDNjtxM,Beginner Body Weight Circuit Workout | Nerd Fitness,226,1.0,1.0,1.0,1.0,0.0,0.0,1.0,0.0,,1.0,,,1.0,1.0,1.0,,0,1,1
220,9A3gDnv56bs,Quickly Bring Down My Blood Glucose #DiabetesCareClub,228,1.0,1.0,1.0,1.0,0.0,0.0,1.0,0.0,,1.0,1.0,,1.0,1.0,1.0,,1,1,1
221,Pdec8clsV7Q,A Harmless Artificial Sweetener,228,1.0,1.0,1.0,0.0,0.0,0.0,1.0,0.0,1.0,1.0,1.0,,0.0,0.0,0.0,,1,0,1
222,B6jI_B8ExIs,Eat These 9 Foods To Prevent Strokes; Heart Attacks & Diabetes!,228,1.0,1.0,1.0,1.0,0.0,0.0,1.0,0.0,,1.0,1.0,,1.0,1.0,0.0,,1,1,1
223,qG3OyONVbEQ,Risk Factors for Heart Disease: Diabetes,232,1.0,1.0,1.0,1.0,0.0,0.0,1.0,0.0,1.0,1.0,1.0,,1.0,1.0,0.0,,1,1,1
224,MMwdz1kLsFU,Treating Painful Diabetic Wounds and Ulcers,232,1.0,1.0,1.0,1.0,0.0,0.0,1.0,0.0,,1.0,1.0,,0.0,0.0,0.0,,1,0,1
225,sT5SmIM60zo,Wearable Artificial Kidney (WAK) may replace Dialysis for Patients with End-Stage Renal Disease,233,1.0,0.0,0.0,0.0,0.0,0.0,1.0,0.0,1.0,0.0,1.0,,0.0,0.0,0.0,,0,0,0
226,VLOKMjHEyhY,Calisthenics Explained - Are Bodyweight Exercises Good For Building Muscle?,235,1.0,1.0,1.0,1.0,0.0,0.0,1.0,0.0,1.0,1.0,1.0,,1.0,1.0,0.0,,1,1,1
227,St9r4pc2QmE,Diagnosing and Treating Autonomic Disorder at Stanford - Marc Laderriere's story,237,1.0,1.0,1.0,1.0,0.0,0.0,1.0,0.0,,1.0,,,0.0,0.0,0.0,,0,0,1
228,32F2hQTncQ0,Tingling Feet and Hands: An Early Warning of Neuropathy,237,1.0,1.0,1.0,0.0,0.0,0.0,1.0,0.0,,1.0,,,0.0,0.0,0.0,,1,0,1
229,Z67NI1jq230,Blood Calcium Regulation,238,1.0,1.0,1.0,0.0,0.0,0.0,1.0,0.0,1.0,1.0,1.0,,0.0,0.0,0.0,,1,0,1
230,9ccIlIId_R0,Living Boldly With Blindness - David Toro,238,1.0,1.0,1.0,1.0,0.0,0.0,1.0,0.0,,1.0,,,0.0,0.0,0.0,,0,0,1
231,9IaRuSxJO-8,My Metabolic Syndrome,238,1.0,1.0,1.0,1.0,0.0,0.0,1.0,0.0,,1.0,,,0.0,0.0,0.0,,1,0,1
232,w7Nq9uQJOXE,Chronic Pancreatitis,239,1.0,0.0,0.0,1.0,0.0,0.0,1.0,0.0,1.0,1.0,1.0,,0.0,0.0,0.0,,1,0,1
233,UtLtPgYc0mk,Are Artificial Sweeteners Unhealthy? (Effects of Aspartame),240,1.0,1.0,1.0,1.0,0.0,0.0,1.0,0.0,1.0,1.0,1.0,,0.0,0.0,0.0,,1,0,1
234,-y6NkP_VaAQ,5 Must-Know Facts about PCOS,242,1.0,1.0,1.0,1.0,0.0,0.0,1.0,0.0,1.0,1.0,1.0,,0.0,0.0,0.0,,1,0,1
235,JkgXZ5EPwDA,Living Healthy:  Clinical Trials for Lung cancer,243,1.0,0.0,0.0,1.0,0.0,0.0,1.0,0.0,,1.0,,,0.0,0.0,0.0,,1,0,0
236,hhWGKAcHbO8,Diabetic Foot Ulcer Pictures; Treatment and Symptoms,243,1.0,1.0,1.0,0.0,0.0,0.0,1.0,0.0,,1.0,1.0,,0.0,0.0,0.0,,0,0,1
237,froHNJMELT0,Increase Your Physical Activity,244,1.0,1.0,1.0,1.0,0.0,0.0,1.0,0.0,,1.0,,,1.0,1.0,1.0,,1,1,1
238,-IaysvX1L8U,Medical School - Diagnosing Diabetes,246,1.0,1.0,1.0,1.0,0.0,0.0,1.0,0.0,1.0,1.0,,,0.0,0.0,0.0,,1,0,1
239,eawWLRnX_gc,Diabetes Emergency - Glucagon Kit Demonstration,247,1.0,1.0,1.0,1.0,0.0,0.0,1.0,0.0,,1.0,1.0,,1.0,1.0,1.0,,1,1,1
240,J1TorkgpgY0,Do I Need Diabetes Medication,247,1.0,1.0,1.0,1.0,0.0,0.0,1.0,0.0,1.0,1.0,1.0,,1.0,0.0,0.0,,1,0,1
241,hv0bBW_Ah0Y,Diabetes Prevention Program,247,1.0,1.0,1.0,1.0,0.0,0.0,1.0,0.0,1.0,1.0,,,0.0,0.0,0.0,,1,0,1
242,gGeLxjgUNG4,Could a blind eye regenerate? - David Davila,247,1.0,1.0,1.0,1.0,0.0,0.0,1.0,0.0,1.0,1.0,1.0,,0.0,0.0,0.0,,1,0,1
243,vhF1aEOaIzw,Is Cranberry Juice Good for You?,247,1.0,1.0,1.0,1.0,0.0,0.0,1.0,0.0,,1.0,,,1.0,1.0,0.0,,1,1,1
244,Ows34T0UjsM,DIABETES TIPS AND TRICKS: MAKE YOUR DEXCOM SENSOR LAST LONGER!,248,1.0,1.0,1.0,1.0,0.0,0.0,1.0,0.0,,1.0,,,1.0,1.0,1.0,,1,1,1
245,HRTKfRXwBTg,Plant-Based Diets for Diabetes,249,1.0,1.0,1.0,1.0,0.0,0.0,1.0,0.0,1.0,1.0,1.0,,1.0,1.0,0.0,,1,1,1
246,X_e8bXcS1BA,Best Blood Test Strip Reviews 2017 Äì How to Choose the Best Blood Test Strip,252,1.0,1.0,1.0,1.0,0.0,0.0,1.0,0.0,1.0,1.0,1.0,,0.0,0.0,0.0,,0,0,1
247,qYBou4o9vNI,Histology of the Pancreas: Endocrine and Exocrine,253,1.0,0.0,0.0,0.0,0.0,0.0,1.0,1.0,1.0,1.0,1.0,,0.0,0.0,0.0,,1,0,1
248,JMknA_CCnW4,Discharge: Subcutaneous Injection; Patient Education  PostCareÑ¢ Recovery Video,259,1.0,1.0,1.0,1.0,0.0,0.0,1.0,0.0,1.0,1.0,1.0,,1.0,1.0,1.0,,1,1,1
249,cZdh9Xa3lhU,Hemoglobina glicosilada; glucosilada o glicada (HbA1c) y diabetes,261,1.0,0.0,0.0,1.0,0.0,0.0,1.0,0.0,1.0,1.0,1.0,,0.0,0.0,0.0,,1,0,1
250,Gfr364SyQcg,What Kind of Tea is Good for Diabetes?,262,1.0,1.0,1.0,1.0,0.0,0.0,1.0,0.0,1.0,1.0,,,0.0,0.0,0.0,,1,0,1
251,910K7B_1b6I,Hypoglycemia - Causes; Symptoms And Treatment,262,1.0,1.0,1.0,0.0,0.0,0.0,1.0,0.0,1.0,0.0,,,1.0,1.0,0.0,,1,1,1
252,Aoy3ZCZwbeo,Does Everyone With Prediabetes Eventually Get Diabetes?,262,1.0,1.0,1.0,1.0,0.0,0.0,1.0,0.0,1.0,1.0,,,0.0,0.0,0.0,,1,0,1
253,MsGmoVknaZQ,Alpha-glucosidase inhibitor,263,1.0,0.0,0.0,0.0,0.0,0.0,1.0,0.0,,0.0,,,0.0,0.0,0.0,,1,0,0
254,bbqOggZHtaM,How to Prevent Prediabetes from Turning into Diabetes,263,1.0,1.0,1.0,1.0,0.0,0.0,1.0,0.0,1.0,1.0,1.0,,1.0,1.0,0.0,,1,1,1
255,hkrK-vg7KD4,Endocrinology Äì Hypoglycemia: By Robyn Houlden M.D.,263,1.0,1.0,1.0,0.0,0.0,0.0,1.0,0.0,1.0,1.0,1.0,,0.0,0.0,0.0,,1,0,1
256,mjnseqLiVXM,Bodyweight Back Workout (NO PULLUP BAR!),266,1.0,1.0,1.0,1.0,0.0,0.0,1.0,0.0,,1.0,1.0,,1.0,1.0,1.0,,0,1,1
257,TJ7EagZKN5w,8 Things That Happen In Your Body If You Only Drink Water For A Month,266,1.0,1.0,1.0,0.0,0.0,0.0,1.0,0.0,1.0,0.0,,,0.0,0.0,0.0,,1,0,1
258,jwD7bJrYH6U,Recurrent Urinary Tract Infections (UTIs): Here's What You Need to Know,266,1.0,1.0,1.0,1.0,0.0,0.0,1.0,0.0,1.0,1.0,,,1.0,1.0,0.0,,1,1,1
259,imZwSsB6eGo,Great Indian Medicine For Diabetes,267,1.0,1.0,1.0,0.0,0.0,0.0,1.0,0.0,,1.0,1.0,,1.0,1.0,1.0,,1,1,1
260,ayd0yO-yNZ4,Exercise and Type 2 Diabetes Prevention - (New) Timing & P.A.C.E.,267,1.0,1.0,1.0,0.0,0.0,0.0,1.0,0.0,1.0,1.0,,,1.0,1.0,0.0,,1,1,1
261,1WrdzNJ4A44,Detection of Sugar in Urine - MeitY OLabs,268,1.0,0.0,0.0,0.0,0.0,0.0,1.0,0.0,,0.0,1.0,,0.0,0.0,0.0,,0,0,0
262,L77b57erQ4M,The 10's Beginner Workout (Body Weight Only),272,1.0,1.0,1.0,1.0,0.0,0.0,1.0,0.0,,1.0,,,1.0,1.0,0.0,,0,1,1
263,Ab9OZsDECZw,How blood pressure works - Wilfred Manzano,272,1.0,1.0,1.0,1.0,0.0,0.0,1.0,0.0,1.0,1.0,1.0,,0.0,0.0,0.0,,1,0,1
264,geO2L3fzF5g,AHA/ADA Scientific Statement: Type 1 Diabetes Mellitus and Cardiovascular Disease,272,1.0,1.0,1.0,1.0,0.0,0.0,1.0,0.0,,1.0,,,0.0,0.0,0.0,,1,0,1
265,QSXWXPWUWEc,Diabetes Frequently Asked and Question - Part 2,273,1.0,1.0,1.0,0.0,0.0,0.0,1.0,0.0,1.0,1.0,1.0,,1.0,1.0,1.0,,1,1,1
266,596LMJTJFsk,Diabetes Medication,273,1.0,0.0,0.0,0.0,0.0,0.0,1.0,0.0,,1.0,,,0.0,0.0,0.0,,1,0,0
267,2Uw0sFgkeqY,Human Physiology - Proximal Convoluted Tubule: Reabsorption of Na; Glucose; Amino Acids and Chloride,275,1.0,0.0,0.0,1.0,0.0,0.0,1.0,0.0,1.0,1.0,1.0,,0.0,0.0,0.0,,1,0,1
268,F8UGIKR3okA,Primary polydipsia,275,1.0,0.0,0.0,0.0,0.0,0.0,1.0,0.0,,0.0,,,0.0,0.0,0.0,,1,0,0
269,Op8K7yresDs,How to Use an Insulin Pen | Inject Insulin Pen,276,1.0,1.0,1.0,0.0,1.0,1.0,1.0,0.0,1.0,1.0,1.0,,1.0,1.0,1.0,,1,1,1
270,dpNpHXB52ak,Sitagliptin,278,1.0,0.0,0.0,0.0,0.0,0.0,1.0,0.0,,1.0,,,0.0,0.0,0.0,,1,0,0
271,xchGJ4UxCPE,Is Prediabetes The Same Thing As Impaired Glucose Tolerance Or Impaired Fasting Glucose?,279,1.0,1.0,1.0,1.0,0.0,0.0,1.0,0.0,1.0,1.0,1.0,,0.0,0.0,0.0,,1,0,1
272,eOhz3cGmlaw,How to Lower Your Blood Pressure Naturally,282,1.0,1.0,1.0,1.0,0.0,0.0,1.0,0.0,,1.0,,,1.0,1.0,0.0,,1,1,1
273,FkkK5lTmBYQ,Insulin Signaling (Signal Pathways),283,1.0,0.0,0.0,1.0,0.0,0.0,1.0,0.0,1.0,1.0,1.0,,0.0,0.0,0.0,,1,0,1
274,nTyL81Ls3ys,PreDiabetes Risk Factors and Type 2 Diabetes Risk Factors Pre diabetes,283,1.0,1.0,1.0,0.0,0.0,0.0,1.0,0.0,,0.0,,,0.0,0.0,0.0,,1,0,0
275,lEutFrar1dI,Physical Activity Guidelines -- Introduction,283,1.0,1.0,1.0,1.0,0.0,0.0,1.0,0.0,,1.0,,,1.0,1.0,1.0,,1,1,1
276,wCN-6ZiTmu0,Extreme Anorexic Returns from Rehab,284,,,,,,,,,,,,,,,,,,0,0
277,74s6eiBBBFU,What Causes Hypoglycemia?,284,1.0,1.0,1.0,1.0,0.0,0.0,1.0,0.0,1.0,1.0,1.0,,0.0,0.0,0.0,,1,0,1
278,RycF0ub2Al0,Hormone concentration metabolism and negative feedback | NCLEX-RN | Khan Academy,287,1.0,0.0,0.0,1.0,0.0,0.0,1.0,0.0,1.0,1.0,1.0,,0.0,0.0,0.0,,1,0,1
279,_KndwmMEwXA,Impaired fasting glucose,287,1.0,1.0,1.0,0.0,0.0,0.0,1.0,0.0,,0.0,,,1.0,0.0,0.0,,1,0,0
280,e_oUWPdb9xM,What Are The Risk Factors For Getting Prediabetes?,287,1.0,1.0,1.0,1.0,0.0,0.0,1.0,0.0,1.0,1.0,,,0.0,0.0,0.0,,1,0,1
281,LvaVsnHbIbI,#1 Diet Tip for Hypoglycemia (Low Blood Sugar),287,1.0,1.0,1.0,1.0,0.0,0.0,1.0,0.0,1.0,1.0,1.0,,1.0,1.0,1.0,,1,1,1
282,ISn43u0BiEo,Risk factors for diabetes Type 1 and type 2 ö´healthcareòëÔ_è,288,1.0,1.0,1.0,0.0,0.0,0.0,1.0,0.0,,0.0,1.0,,0.0,0.0,0.0,,1,0,1
283,AoHvkrcr6EM,How to Prevent Blood Sugar and Triglyceride Spikes after Meals,288,1.0,1.0,1.0,1.0,0.0,0.0,1.0,0.0,1.0,1.0,1.0,,1.0,1.0,0.0,,1,1,1
284,Usnu2ySuhcU,Traci's Acromegaly Story: How to Return to a Life of Normalcy,289,1.0,1.0,1.0,1.0,0.0,0.0,1.0,0.0,,1.0,,,0.0,0.0,0.0,,0,0,1
285,WYa2xthIbDc,Insulin Resistance? What Is It And How We Can Heal,291,1.0,1.0,1.0,1.0,0.0,0.0,1.0,0.0,1.0,0.0,1.0,,1.0,1.0,0.0,,1,1,1
286,9iMGFqMmUFs,What would happen if you didnÄôt drink water? - Mia Nacamulli,292,1.0,1.0,1.0,1.0,0.0,0.0,1.0,0.0,,1.0,,,0.0,0.0,0.0,,1,0,1
287,7-cGz2eLyb4,PostCareÑ¢ Diabetes Center: Injecting Insulin,294,1.0,1.0,1.0,1.0,0.0,0.0,1.0,0.0,,1.0,1.0,,1.0,1.0,1.0,,1,1,1
288,oozg7j3qpEY,INSULIN PUMPS ON THE BEACH IN MEXICO // travel with me T1D,294,1.0,1.0,1.0,1.0,0.0,0.0,1.0,0.0,,1.0,,,1.0,1.0,1.0,,1,1,1
289,CM1u29BeqC0,Lead: The Original Artificial Sweetener,294,1.0,1.0,1.0,1.0,0.0,0.0,1.0,0.0,,1.0,,,0.0,0.0,0.0,,1,0,1
290,Aw8hufhIDu0,What Causes Insulin Resistance?,296,1.0,1.0,1.0,1.0,0.0,0.0,1.0,0.0,1.0,1.0,1.0,,0.0,0.0,0.0,,1,0,1
291,BFUis11qaQU,10 Early Warning Signs Your Estrogen Levels Are Too High & How To Fix It,296,1.0,1.0,1.0,1.0,1.0,0.0,1.0,0.0,,1.0,,,1.0,1.0,1.0,,1,1,1
292,8nEmsR68FhA,Bodyweight Exercise Technique for Mass! (INTERMITTENT ISOMETRICS),297,1.0,1.0,1.0,1.0,0.0,0.0,1.0,0.0,,1.0,1.0,,1.0,1.0,1.0,,0,1,1
293,341CnFGQwH4,Symptoms of Prediabete: How Do I Know I Have Prediabetes?,297,1.0,1.0,1.0,1.0,0.0,0.0,1.0,0.0,1.0,1.0,,,0.0,0.0,0.0,,1,0,1
294,1p1cMFscF8s,Hypokalemia: Causes; Symptoms; Effects on the Heart; Pathophysiology; Animation.,299,1.0,1.0,1.0,0.0,0.0,0.0,1.0,0.0,1.0,1.0,1.0,,0.0,0.0,0.0,,1,0,1
295,z_3S2_41_FE,What BMI doesn't tell you about your health,300,1.0,1.0,1.0,1.0,0.0,0.0,1.0,0.0,1.0,1.0,1.0,,0.0,0.0,0.0,,1,0,1
296,53WxEvd7-_w,Polycystic Ovary Syndrome Treatments | Getting Pregnant with PCOS,301,1.0,1.0,1.0,1.0,1.0,0.0,1.0,0.0,1.0,1.0,1.0,,1.0,1.0,1.0,,1,1,1
297,iGK0rHkOoVA,How to Start Calisthenics - Beginner Bodyweight Workout Examples,306,1.0,1.0,1.0,1.0,1.0,1.0,1.0,0.0,1.0,1.0,1.0,,1.0,1.0,1.0,,1,1,1
298,s3wUYhJmdbA,Put Down the Diet Soda! The Dangers of Artificial Sweeteners-Transformation TV-Episode #005,307,1.0,1.0,1.0,1.0,0.0,0.0,1.0,0.0,,1.0,,,0.0,0.0,0.0,,1,0,1
299,-32U9eU1hdM,Hyperkalemia: Causes; Effects on the Heart; Pathophysiology; Treatment; Animation.,310,1.0,1.0,1.0,0.0,0.0,0.0,1.0,0.0,1.0,1.0,1.0,,0.0,0.0,0.0,,1,0,1
300,RV_lBWGgK1o,Why Is It Important To Know If A Person Has Prediabetes?,310,1.0,1.0,1.0,1.0,0.0,0.0,1.0,0.0,1.0,1.0,,,0.0,0.0,0.0,,1,0,1
301,-y5VJLFEDfE,Can Vinegar Help with Blood Sugar Control ?|Dr Michael Greger,310,1.0,1.0,1.0,1.0,0.0,0.0,1.0,1.0,0.0,1.0,1.0,,0.0,0.0,0.0,,1,0,1
302,-vNVG7XJpVE,What is obesity? - Mia Nacamulli,311,1.0,1.0,1.0,1.0,0.0,0.0,1.0,0.0,,1.0,1.0,,0.0,0.0,0.0,,1,0,1
303,Oyy-3yAwcvo,JimÄôs Acromegaly Story: Riding the Acromegaly Rollercoaster,311,1.0,1.0,1.0,1.0,0.0,0.0,1.0,0.0,,1.0,,,0.0,0.0,0.0,,0,0,1
304,BF7N0LPdItk,Effects of Early Life Experience on Diabetes Risk: Genetics/Epigenetics,312,1.0,1.0,1.0,1.0,1.0,1.0,1.0,0.0,1.0,1.0,1.0,,0.0,0.0,0.0,,1,0,1
305,VAweyqtb7D8,Lipotoxicity: How Saturated Fat Raises Blood Sugar,312,1.0,1.0,1.0,1.0,0.0,0.0,1.0,0.0,,1.0,1.0,,0.0,0.0,0.0,,1,0,1
306,L-a-dKhuYj8,Should Women With High Testosterone Be Allowed To Compete In Sports?,314,1.0,1.0,1.0,1.0,0.0,0.0,1.0,0.0,,1.0,,,0.0,0.0,0.0,,0,0,1
307,pgUA4ScsRWQ,Artificial Sweeteners - Safe or Dangerous?,314,1.0,1.0,1.0,1.0,0.0,0.0,1.0,0.0,,1.0,1.0,,1.0,0.0,1.0,,1,1,1
308,fRZduVxlP_U,What Causes Insulin Resistance?,315,1.0,1.0,0.0,1.0,0.0,0.0,1.0,0.0,,1.0,1.0,,0.0,0.0,0.0,,1,0,1
309,qFFPcIcAUUs,Sports Gender Controversy - Bonus Scene | Gender Revolution,315,1.0,1.0,1.0,1.0,0.0,0.0,1.0,0.0,,1.0,,,0.0,0.0,0.0,,0,0,1
310,Bkji1VNnolA,Making Beta Cells,317,1.0,1.0,1.0,1.0,0.0,0.0,1.0,0.0,,1.0,1.0,,0.0,0.0,0.0,,1,0,1
311,wbWL2wfvsM8,Electrochemical gradients and secondary active transport | Khan Academy,317,1.0,0.0,0.0,1.0,0.0,0.0,1.0,0.0,1.0,1.0,1.0,,0.0,0.0,0.0,,1,0,1
312,It6Eblem5Zg,Can Vinegar Help with Blood Sugar Control?,317,1.0,0.0,1.0,0.0,0.0,0.0,0.0,0.0,0.0,0.0,0.0,0.0,1.0,0.0,0.0,1.0,0,1,0
313,uia5mqvTeh4,Lose Some Weight,317,0.0,1.0,0.0,0.0,0.0,0.0,0.0,1.0,1.0,1.0,1.0,0.0,1.0,0.0,1.0,0.0,0,1,0
314,MdXWF-vvQMc,ÜÇÿßÿ®ÿ© ÿßÑÿµäÿßÿØÑÿ© ÿßÑÖÿµÿ±äÿ© ÿÿ_ÿßÑÿ® ÿ®ÿ_ÿ_ÿ® ÿ£ÿØàäÿ© ÿßÑÿ®ÿßäàÿ¨Ñäÿÿßÿ_àÜ pioglitazone|Health Online,317,0.0,0.0,0.0,0.0,0.0,0.0,0.0,0.0,0.0,0.0,0.0,0.0,0.0,0.0,0.0,0.0,0,0,0
315,X2rOWkOcq9I,(CC) Antihyperlipidemics Atorvastatin vs Fenofibrate vs Nicotinic Acid vs Colesevelam (Ch 6 Cardio),318,0.0,0.0,0.0,0.0,0.0,0.0,1.0,0.0,0.0,1.0,0.0,0.0,0.0,0.0,0.0,0.0,0,0,0
316,afYCN3Upy_w,Acute Coronary Syndrome and Heart Attack,318,1.0,1.0,1.0,1.0,0.0,0.0,1.0,1.0,1.0,1.0,1.0,0.0,1.0,1.0,0.0,1.0,1,1,1
317,VXFRWFHx6tA,Acute pyelonephritis (urinary tract infection) - causes; symptoms & pathology,318,1.0,1.0,1.0,1.0,0.0,0.0,1.0,1.0,1.0,1.0,1.0,1.0,1.0,1.0,1.0,1.0,1,1,1
318,2YVVfWIoHkw,Is Prediabetes The Same Thing As Metabolic Syndrome Or Syndrome X?,321,1.0,1.0,1.0,1.0,0.0,0.0,1.0,1.0,1.0,1.0,1.0,0.0,1.0,1.0,0.0,1.0,1,1,1
319,MFmjLloYN7A,Potassium & Blood Pressure: MUST WATCH!,322,1.0,1.0,1.0,1.0,0.0,0.0,1.0,1.0,1.0,1.0,0.0,0.0,1.0,1.0,1.0,1.0,1,1,1
320,InH8t0UNs4k,Best Glucose Meter For Type 2 Diabetes?,324,0.0,1.0,0.0,0.0,0.0,0.0,0.0,1.0,1.0,1.0,0.0,0.0,1.0,1.0,0.0,0.0,0,1,0
321,W_evi9lanBY,Acromegaly,325,1.0,1.0,1.0,0.0,1.0,1.0,1.0,1.0,1.0,1.0,0.0,0.0,1.0,1.0,0.0,1.0,1,1,1
322,Mj0T_byeKtQ,Insulin Synthesis and Secretion,326,1.0,0.0,1.0,0.0,1.0,1.0,1.0,1.0,1.0,0.0,0.0,0.0,1.0,1.0,1.0,1.0,1,1,1
323,orqdxsg-Dr4,Can Diabetic Retinopathy Be Reversed?,326,1.0,0.0,0.0,1.0,0.0,0.0,1.0,1.0,0.0,0.0,0.0,0.0,1.0,1.0,0.0,1.0,0,1,0
324,mRVZ9lkubag,A Change for Life,328,0.0,1.0,0.0,1.0,0.0,0.0,0.0,1.0,1.0,1.0,1.0,0.0,1.0,1.0,0.0,1.0,1,1,1
325,HOwqo56BKQU,What Is Postprandial Blood Glucose?,329,0.0,1.0,1.0,0.0,0.0,0.0,1.0,1.0,1.0,1.0,0.0,1.0,1.0,1.0,0.0,1.0,1,1,1
326,WBjchfwi1jA,Curing Painful Diabetic Neuropathy,330,1.0,0.0,1.0,1.0,0.0,0.0,1.0,1.0,0.0,0.0,0.0,0.0,1.0,1.0,0.0,1.0,1,1,0
327,tpPGevlDwWQ,Natural Treat To Cure Diabetes Without Medicine,331,0.0,1.0,0.0,0.0,0.0,1.0,1.0,1.0,1.0,1.0,1.0,0.0,1.0,1.0,1.0,0.0,1,1,1
328,fHui_Q6ld10,EllieÄôs Acromegaly Story: Managing Breakthrough Symptoms,331,1.0,1.0,0.0,1.0,0.0,0.0,1.0,1.0,0.0,1.0,,,1.0,1.0,0.0,,1,1,1
329,6t4tBmbPko8,Why is Meat a Risk Factor for Diabetes?,332,1.0,0.0,1.0,1.0,0.0,0.0,1.0,1.0,0.0,0.0,0.0,1.0,1.0,1.0,0.0,1.0,1,1,1
330,8ZujKJYrEJY,Natural PCOS Treatment Options - Polycystic Ovary Syndrome,334,1.0,1.0,1.0,1.0,0.0,0.0,1.0,1.0,1.0,1.0,1.0,1.0,1.0,1.0,1.0,1.0,1,1,1
331,cW1V2_GTAlc,Females with Fragile X Syndrome,339,0.0,1.0,0.0,1.0,0.0,0.0,0.0,1.0,1.0,1.0,1.0,0.0,1.0,1.0,0.0,0.0,1,1,1
332,T9wPrmfQ0vw,Hypoglycemia and Adrenal Fatigue - Lab tests don't tell all,340,0.0,0.0,0.0,0.0,0.0,0.0,1.0,1.0,,0.0,,,1.0,1.0,0.0,,0,1,0
333,xJBqbv8GRZ4,Free Weights vs Bodyweight Exercise,341,0.0,1.0,0.0,1.0,0.0,0.0,1.0,1.0,1.0,1.0,0.0,0.0,1.0,1.0,0.0,,1,1,1
334,wjIp17OaN_k,Facial Mask for Hirsuitism,344,0.0,1.0,1.0,1.0,0.0,0.0,0.0,1.0,1.0,0.0,1.0,0.0,1.0,1.0,0.0,1.0,1,1,1
335,BzP4b1b-RPs,Weight-Loss Foods for Diabetes Äî The BROAD Study,345,1.0,1.0,1.0,1.0,1.0,1.0,1.0,1.0,1.0,1.0,0.0,1.0,1.0,1.0,0.0,1.0,1,1,1
336,ux-A-WUMTjY,Diabetes Self-Management Education: Getting the Patient and Practice Perspective,345,0.0,1.0,0.0,1.0,0.0,0.0,0.0,1.0,1.0,1.0,0.0,0.0,1.0,1.0,0.0,,0,1,0
337,DyGIvs9zrVA,Estimation of Blood Glucose by Glucose Oxidase Method - Amrita University,346,1.0,0.0,1.0,1.0,1.0,1.0,1.0,1.0,1.0,1.0,1.0,1.0,1.0,1.0,1.0,1.0,1,1,1
338,prFYht1NwmU,Insulin Administration - Registered Nurse Training,348,1.0,1.0,0.0,1.0,0.0,0.0,1.0,1.0,0.0,1.0,1.0,0.0,1.0,1.0,1.0,1.0,1,1,1
339,bBZXkNbpOGQ,How to Inject Insulin Using a Syringe | Nucleus Health,350,1.0,1.0,0.0,1.0,1.0,1.0,1.0,1.0,1.0,1.0,1.0,0.0,1.0,1.0,1.0,1.0,1,1,1
340,RudR2_VVoaw,Alcohol-related liver disease - causes; symptoms & pathology,351,1.0,1.0,0.0,1.0,0.0,0.0,1.0,1.0,1.0,1.0,1.0,0.0,1.0,1.0,1.0,1.0,1,1,1
341,wch09JVlXKg,Obesity Is Ridiculously Deadly,356,0.0,1.0,0.0,1.0,0.0,0.0,0.0,1.0,1.0,0.0,0.0,1.0,1.0,1.0,0.0,0.0,0,1,0
342,jDYm0i5zT68,How to Overcome High Blood Pressure Naturally,356,0.0,1.0,0.0,1.0,0.0,0.0,1.0,1.0,,1.0,0.0,0.0,1.0,1.0,0.0,,0,1,0
343,L1qDCZsqxxc,DANGEROUS FOODS FOR DIABETIC PATIENTS || Health Tips,358,0.0,1.0,0.0,1.0,1.0,1.0,0.0,1.0,1.0,1.0,1.0,0.0,1.0,1.0,0.0,1.0,1,1,1
344,sLn6OoH12uY,Top 5 Ways to Relieve Peripheral Neuropathy Foot Pain & Other Foot Ailments - Ask Doctor Jo,358,0.0,1.0,0.0,1.0,0.0,0.0,0.0,1.0,,1.0,1.0,0.0,1.0,1.0,0.0,1.0,1,1,0
345,S-3nfpc_GiQ,How Do I Quickly Bring Down My Blood Glucose (Lower High Blood Sugar),359,0.0,1.0,0.0,1.0,0.0,0.0,1.0,1.0,1.0,1.0,0.0,0.0,1.0,1.0,0.0,0.0,1,1,1
346,aC0_yOlfY4U,Autoimmune hepatitis - causes; symptoms; diagnosis; treatment & pathology,360,1.0,0.0,0.0,1.0,1.0,1.0,1.0,1.0,,,,,,,,,0,0,1
347,5SZCajunA-0,Why Do Young; Slim People Get Diabetes Type 2,362,0.0,1.0,0.0,0.0,0.0,0.0,0.0,1.0,,0.0,0.0,0.0,0.0,0.0,0.0,0.0,0,0,0
348,KWBjfoioS20,Can the Galaxy S9 Save Lives?,362,0.0,1.0,0.0,1.0,0.0,0.0,0.0,1.0,,0.0,0.0,0.0,1.0,1.0,0.0,0.0,0,1,0
349,lOeQLJCVOdM,What is A Normal Blood Glucose?,365,0.0,1.0,0.0,1.0,0.0,0.0,1.0,1.0,,0.0,0.0,0.0,1.0,1.0,0.0,,0,1,0
350,weZZT8U9NGQ,Partner Addition (Classroom Physical Activity Breaks),366,0.0,1.0,0.0,1.0,0.0,0.0,1.0,1.0,,0.0,0.0,0.0,1.0,1.0,0.0,,0,1,0
351,US5aP7qT36M,Early Warning Signs of Pancreatic Cancer,368,1.0,1.0,1.0,1.0,0.0,0.0,1.0,1.0,,1.0,1.0,0.0,1.0,1.0,0.0,1.0,1,1,1
352,zD9aXZY0pdY,Angina pectoris (stable; unstable; prinzmetal; vasospastic) - symptoms & pathology,368,1.0,0.0,1.0,1.0,1.0,1.0,1.0,1.0,0.0,1.0,1.0,1.0,1.0,1.0,1.0,1.0,1,1,1
353,MOH33-jFOwo,A1C Levels,369,1.0,1.0,1.0,1.0,0.0,0.0,1.0,1.0,0.0,0.0,0.0,0.0,1.0,1.0,0.0,1.0,1,1,1
354,2KnD9MzCzsM,Kidney Disease and Kidney Failure : 10 Early Signs and Symptoms That You May Have Kidney Disease,371,0.0,1.0,1.0,1.0,1.0,0.0,0.0,1.0,1.0,,1.0,1.0,0.0,1.0,1.0,0.0,1,1,1
355,LuJd0z1JAU4,Gas gangrene,371,0.0,0.0,0.0,0.0,0.0,0.0,1.0,1.0,,,,,0.0,0.0,0.0,0.0,0,0,0
356,_cu7Xt4wb1M,Glucose Tolerance Test Procedure; Side Effects & Results,373,0.0,1.0,0.0,0.0,0.0,0.0,1.0,1.0,,,,,1.0,1.0,0.0,0.0,0,1,0
357,P_NoKv4kr64,Metabolic Syndrome,374,0.0,0.0,1.0,0.0,0.0,0.0,1.0,1.0,,,,,1.0,1.0,0.0,,0,1,0
358,rTbIazck7rk,Peripheral vascular disease (PVD) - causes; symptoms & pathology,374,1.0,0.0,1.0,1.0,1.0,1.0,1.0,1.0,1.0,1.0,0.0,1.0,1.0,1.0,1.0,1.0,1,1,1
359,UDuGJHbAIbE,Debate on Donor Islet vs. ESC-derived pancreatic progenitors - Part 2,376,0.0,0.0,1.0,1.0,0.0,0.0,1.0,1.0,,,,,1.0,1.0,0.0,,0,1,1
360,KiouveG278Y,Autonomic nervous system effects on the heart | NCLEX-RN | Khan Academy,376,0.0,0.0,0.0,1.0,0.0,0.0,1.0,1.0,,0.0,0.0,1.0,1.0,1.0,0.0,1.0,0,1,0
361,r8avZUjw_zI,Top 10 SUPERFOODS for DIABETES Control | Type 2 Diabetes,378,0.0,1.0,0.0,1.0,0.0,0.0,1.0,1.0,1.0,1.0,1.0,,1.0,1.0,0.0,1.0,1,1,1
362,vzA7Dj1pCOg,Gluconeogenesis,380,1.0,0.0,1.0,1.0,1.0,1.0,1.0,1.0,1.0,1.0,1.0,1.0,1.0,1.0,1.0,1.0,1,1,1
363,Vujm4opryN8,Improve Insulin Sensitivity Naturally (Avoid Type 2 Diabetes),381,0.0,1.0,0.0,1.0,0.0,0.0,1.0,1.0,1.0,1.0,0.0,0.0,1.0,1.0,0.0,,1,1,1
364,J97G6BeYW0I,What is blood pressure? | Circulatory system physiology | NCLEX-RN | Khan Academy,381,1.0,0.0,0.0,1.0,0.0,0.0,1.0,1.0,1.0,1.0,0.0,1.0,1.0,1.0,0.0,1.0,1,1,1
365,LerY4Y1gz5E,The Most Serious Medical Problem You Haven't Heard About,382,1.0,0.0,0.0,1.0,1.0,1.0,1.0,1.0,1.0,1.0,1.0,1.0,1.0,1.0,1.0,1.0,1,1,1
366,k_wNE4erBLU,GOING AGAINST THE GRAIN: A new explanation for pancreatic beta cell failure,384,1.0,0.0,1.0,1.0,0.0,0.0,1.0,1.0,1.0,1.0,1.0,0.0,1.0,1.0,0.0,1.0,1,1,1
367,Md7PssTAvz8,Prediabetes: What Do All These Numbers Mean?,384,0.0,1.0,0.0,1.0,0.0,0.0,1.0,1.0,,1.0,0.0,1.0,1.0,1.0,0.0,1.0,1,1,1
368,kuR_Lwcp67U,How Can My Doctor Tell If I Have Prediabetes?,386,0.0,1.0,0.0,1.0,0.0,0.0,1.0,1.0,1.0,1.0,1.0,1.0,1.0,1.0,0.0,1.0,1,1,1
369,t0JF2Gbv1XQ,Diabetes Nutrition Äì How Meghan Eats 300 Grams of Carbs with Excellent Blood Glucose Control T1D,389,0.0,1.0,0.0,1.0,0.0,0.0,0.0,1.0,1.0,1.0,0.0,1.0,1.0,1.0,0.0,1.0,1,1,1
370,ZfSlQJk59Ng,Hypoglycemia Basics by Dr. Berg,390,1.0,0.0,1.0,1.0,0.0,0.0,1.0,1.0,0.0,1.0,0.0,0.0,1.0,1.0,0.0,1.0,1,1,1
371,_VuxMIc3fOA,Home Remedies For PCOD or PCOS II §_§æ§_ç§Æã§®§_ §µ§ø§ï§æ§_ §ïá §_§ø§è §ò§_á§_Å §â§§æ§Ø II,392,0.0,1.0,0.0,1.0,0.0,0.0,0.0,1.0,0.0,0.0,0.0,0.0,1.0,1.0,0.0,0.0,0,1,0
372,IpPHCLrEmSI,Hemoglobin A1C Seviyesi (Biyoloji / Biyomolek_ºller),394,0.0,0.0,0.0,0.0,0.0,0.0,0.0,0.0,0.0,0.0,0.0,0.0,0.0,0.0,0.0,0.0,0,0,0
373,tbMzKylq9Bc,High Grade Diffuse large B-cell Lymphoma: Carole's story,395,0.0,1.0,0.0,1.0,0.0,0.0,0.0,1.0,0.0,1.0,1.0,0.0,1.0,1.0,0.0,0.0,0,1,0
374,PUQFQVm96YM,Non-alcoholic fatty liver disease (NAFLD) - causes; symptoms; diagnosis; treatment; pathology,397,1.0,1.0,1.0,1.0,1.0,1.0,1.0,1.0,1.0,1.0,1.0,1.0,1.0,1.0,1.0,1.0,1,1,1
375,xdVJkkCquHs,Should I Join A Support Group For Prediabetes?,398,0.0,0.0,0.0,0.0,0.0,0.0,0.0,1.0,0.0,0.0,0.0,0.0,1.0,1.0,0.0,0.0,0,1,0
376,5I-Wr_s00aU,Shocking Results to Metformin Study,401,0.0,1.0,0.0,1.0,0.0,0.0,1.0,1.0,1.0,1.0,1.0,0.0,1.0,1.0,0.0,1.0,1,1,1
377,3jSCSq9bKwI,Genetics in Motion: Putting T Cells in Their Place,402,0.0,0.0,0.0,0.0,0.0,0.0,1.0,1.0,0.0,0.0,0.0,0.0,1.0,1.0,0.0,0.0,0,1,0
378,8mOjYFwmgxk,Bodyweight Chest Workout (SORE IN 6 MINUTES!!),403,0.0,1.0,0.0,1.0,0.0,0.0,0.0,1.0,,1.0,1.0,0.0,1.0,1.0,1.0,1.0,1,1,0
379,n4hTBVFyyKs,The #1 Food that Fixes Hypoglycemia,404,1.0,1.0,1.0,1.0,0.0,0.0,1.0,1.0,0.0,1.0,0.0,1.0,1.0,1.0,0.0,0.0,1,1,1
380,8gAO1wfdHnc,ICD-10 for BMI Äî Body Mass Index ICD-10-CM Coding,406,1.0,0.0,1.0,1.0,0.0,0.0,1.0,1.0,0.0,0.0,1.0,1.0,1.0,1.0,0.0,1.0,1,1,1
381,XFxMOiJRZQg,Pancreatic carcinoma - causes; symptoms; diagnosis; treatment & pathology,409,1.0,0.0,0.0,1.0,1.0,1.0,1.0,1.0,0.0,1.0,1.0,1.0,1.0,1.0,1.0,1.0,1,1,1
382,xNf--q0YMq8,Endocrine pancreas | Gastrointestinal system physiology | NCLEX-RN | Khan Academy,410,1.0,0.0,0.0,1.0,1.0,1.0,1.0,1.0,0.0,1.0,0.0,1.0,1.0,1.0,0.0,1.0,1,1,1
383,diG519dFVNs,High Blood Pressure | Hypertension | Nucleus Health,410,1.0,1.0,1.0,1.0,1.0,1.0,1.0,1.0,1.0,1.0,1.0,0.0,1.0,1.0,1.0,1.0,1,1,1
384,6HJfr00CIqM,Formation of Urine - Nephron Function; Animation.,411,1.0,0.0,0.0,1.0,1.0,1.0,1.0,1.0,0.0,1.0,1.0,0.0,1.0,1.0,0.0,1.0,1,1,1
385,XOZ-Yco3Ykw,Healthy Eating with Type 2 Diabetes,411,0.0,1.0,0.0,1.0,0.0,0.0,1.0,1.0,1.0,1.0,1.0,0.0,1.0,1.0,0.0,0.0,1,1,1
386,epNcLy6knx4,The Top Symptoms of a Potassium Deficiency,412,1.0,0.0,1.0,1.0,0.0,0.0,1.0,1.0,0.0,1.0,0.0,0.0,1.0,1.0,0.0,1.0,1,1,1
387,D8K8MkKHJoc,6 Foods to Avoid if You Have Metabolic Syndrome,415,0.0,1.0,0.0,1.0,0.0,0.0,0.0,1.0,,1.0,1.0,0.0,1.0,1.0,0.0,1.0,1,1,0
388,gQBkfKUxh_E,Will I Lose My Feet Because Of Prediabetes?,419,0.0,1.0,0.0,1.0,0.0,0.0,1.0,1.0,1.0,1.0,1.0,,1.0,1.0,1.0,1.0,1,1,1
389,loUuq7rPTH0,Peripheral Neuropathy Relief in the Feet & Legs - Ask Doctor Jo,424,0.0,1.0,0.0,1.0,0.0,0.0,1.0,1.0,,1.0,1.0,,1.0,1.0,1.0,1.0,1,1,1
390,NsISWyyuf80,Types of Diabetes Major are Diabetes Type 1 and Diabetes Type 2,425,0.0,0.0,0.0,0.0,0.0,0.0,0.0,0.0,,0.0,1.0,,1.0,1.0,0.0,1.0,0,1,0
391,hFMF3lJUcAc,Meet Glucose & the Carbs,432,1.0,0.0,0.0,1.0,1.0,1.0,1.0,1.0,1.0,1.0,,,1.0,1.0,1.0,1.0,1,1,1
392,oiAO69i7fHc,Can Diabetes Type 1 Or Type 2 Be Reversed,433,0.0,1.0,0.0,1.0,0.0,0.0,0.0,1.0,1.0,1.0,1.0,,1.0,1.0,0.0,0.0,1,1,1
393,Yl3z1ql_RXc,Can I Reverse or Eliminate My Diabetes or High Blood Glucose Levels?,433,0.0,1.0,0.0,1.0,0.0,0.0,1.0,1.0,1.0,0.0,0.0,1.0,1.0,1.0,0.0,1.0,1,1,1
394,f0D1DePVVdo,Leg Ulcers 7 Facts About Leg Ulcers You Must Know,435,0.0,1.0,0.0,1.0,0.0,0.0,1.0,1.0,,0.0,0.0,,1.0,1.0,0.0,0.0,0,1,0
395,RBl-lMHlDu0,Glucagon Administration,440,0.0,1.0,0.0,1.0,0.0,0.0,1.0,1.0,,1.0,1.0,,1.0,1.0,1.0,1.0,1,1,1
396,5RXRr8PKunk,Calculate your own body mass index | Miscellaneous | Heatlh & Medicine | Khan Academy,441,0.0,1.0,0.0,1.0,0.0,0.0,1.0,1.0,1.0,1.0,1.0,,1.0,1.0,0.0,1.0,1,1,1
397,Y4MLtncnx-8,Type 1 and Type 2 Diabetes,443,0.0,1.0,0.0,1.0,0.0,0.0,0.0,1.0,,0.0,,,1.0,1.0,0.0,0.0,0,1,0
398,rPLjSY00JlE,Glucose Insulin and Diabetes,444,1.0,1.0,1.0,1.0,0.0,0.0,0.0,1.0,,1.0,1.0,,1.0,1.0,0.0,1.0,1,1,1
399,rfepM3L7Pqc,Astrocytes | Nervous system physiology | NCLEX-RN | Khan Academy,446,1.0,0.0,0.0,1.0,1.0,1.0,1.0,1.0,0.0,1.0,,,1.0,1.0,1.0,1.0,1,1,1
400,hep2KRYD2j0,Islets of Langerhans,448,0.0,0.0,0.0,0.0,0.0,0.0,0.0,0.0,,,0.0,,1.0,1.0,0.0,0.0,0,1,0
401,jnfH_Napq9c,Blockbuster Diabetes Drug Invokana Produces Adverse Effect - The Ring Of Fire,449,0.0,1.0,0.0,1.0,0.0,0.0,0.0,1.0,,,0.0,0.0,1.0,1.0,0.0,0.0,0,1,0
402,NDnC0-rw7KA,Reversing Type 2 Diabetes Through Fasting,450,0.0,1.0,0.0,1.0,0.0,0.0,0.0,1.0,,,,,1.0,1.0,0.0,0.0,0,1,0
403,aJ4s-IiKM5Q,Diabetes Prevention & Self-management: What is Diabetes? Skit,452,0.0,1.0,0.0,1.0,0.0,0.0,0.0,1.0,,0.0,1.0,0.0,1.0,1.0,0.0,0.0,0,1,0
404,afH4-_xFVmY,Fragile X Syndrome - causes; symptoms; diagnosis; treatment; pathology,457,1.0,0.0,0.0,1.0,1.0,1.0,1.0,1.0,0.0,1.0,0.0,,1.0,1.0,1.0,1.0,1,1,1
405,HcT4K5KkTDE,Best Foods for Polycystic Ovary Syndrome (PCOS),457,1.0,0.0,0.0,1.0,0.0,0.0,1.0,1.0,0.0,0.0,0.0,1.0,1.0,1.0,0.0,1.0,1,1,0
406,LtdWg4ygm_E,Diabetic Nephropathy- causes; symptoms; diagnosis; treatment; pathology,457,1.0,0.0,0.0,1.0,1.0,1.0,1.0,1.0,1.0,1.0,1.0,,1.0,1.0,1.0,1.0,1,1,1
407,LhXyJCa_b-k,Cortisol Resistance & Insulin Resistance: Explained!,458,1.0,0.0,1.0,1.0,1.0,1.0,1.0,1.0,0.0,1.0,0.0,,1.0,1.0,1.0,1.0,1,1,1
408,pgUZsOGOlfk,Introduction to Fragile X Syndrome,458,0.0,1.0,1.0,1.0,0.0,0.0,0.0,1.0,,0.0,1.0,,1.0,1.0,0.0,,0,1,1
409,JXygbkEjNIE,DOES MY KID HAVE TYPE 1 DIABETES? THE WARNING SIGNS AND SYMPTOMS OF TYPE 1 DIABETES!,461,0.0,1.0,1.0,1.0,0.0,0.0,0.0,1.0,,0.0,0.0,,1.0,1.0,0.0,,0,1,0
410,Zpb2VHgjCQs,Glycemic Index & Diabetes: Things To Know,465,1.0,1.0,1.0,1.0,0.0,0.0,1.0,1.0,1.0,1.0,1.0,,1.0,1.0,0.0,1.0,1,1,1
411,Ptmlvtei8hw,Cell Membranes and Cell Transport,470,0.0,1.0,1.0,1.0,0.0,0.0,1.0,1.0,1.0,1.0,1.0,,1.0,1.0,0.0,1.0,1,1,1
412,PT5cFR296-w,About Pancreas and Kidney Transplant Surgery | Q&A,470,1.0,0.0,1.0,1.0,1.0,1.0,1.0,1.0,,1.0,,,1.0,1.0,0.0,,1,1,1
413,N-X53P6RSUw,My Father Has Diabetes Should I Be Screened For Prediabetes On A Regular Basis?,472,1.0,0.0,0.0,1.0,0.0,0.0,0.0,1.0,0.0,0.0,1.0,,1.0,1.0,0.0,1.0,0,1,0
414,CrjjN2sXB_g,Diabetes Drug Invokana: The Treatment Might Be Worse than the Disease - The Ring Of Fire,476,0.0,1.0,0.0,1.0,0.0,0.0,1.0,1.0,1.0,1.0,1.0,,1.0,1.0,0.0,1.0,1,1,1
415,fqxcZK8hXYQ,Olympic Rock Paper Scissors (Classroom Physical Activity Breaks),477,0.0,1.0,0.0,0.0,0.0,0.0,0.0,1.0,1.0,1.0,1.0,0.0,1.0,1.0,0.0,,0,1,0
416,aLWlxC51YFE,Diabetes African Americans Deadly Foe,478,0.0,1.0,0.0,1.0,0.0,0.0,1.0,1.0,1.0,1.0,0.0,,1.0,1.0,0.0,,1,1,1
417,fihS3YUlolY,Pioglitazone,482,0.0,0.0,0.0,0.0,0.0,0.0,0.0,1.0,0.0,0.0,,,1.0,1.0,0.0,,0,1,0
418,PwH4oEz94qE,Production of insulin and glucagon,486,1.0,0.0,1.0,1.0,0.0,0.0,1.0,1.0,1.0,1.0,1.0,0.0,1.0,1.0,1.0,1.0,1,1,1
419,cnDgRMUyXyY(*****),Exocrine Pancreatic Insufficiency in the German Shepherd - EPI,486,0.0,0.0,0.0,0.0,0.0,0.0,0.0,0.0,0.0,0.0,,,0.0,0.0,0.0,0.0,0,0,0
420,lSs1XdHx_8M,Diabetes Diet Plan Äî What Is Best for Type 1 Diabetes?,489,0.0,1.0,0.0,1.0,0.0,0.0,1.0,1.0,1.0,1.0,1.0,1.0,1.0,1.0,0.0,1.0,1,1,1
421,gP4u3F61Mlc,Diabetes type 1 and type 2 definition and facts,492,1.0,0.0,1.0,1.0,0.0,0.0,1.0,1.0,1.0,1.0,1.0,,1.0,1.0,0.0,1.0,1,1,1
422,XX1ps4WHAtg,DKA Pediatrics hyperglycemia,492,1.0,0.0,0.0,1.0,0.0,0.0,1.0,1.0,1.0,1.0,1.0,1.0,1.0,1.0,1.0,1.0,1,1,1
423,KxQTLP2KeaE,Types of Insulin PostCare Discharge Patient Education Medical Video,492,1.0,0.0,0.0,1.0,1.0,1.0,0.0,1.0,1.0,1.0,1.0,,1.0,1.0,0.0,1.0,1,1,1
424,z0Pt-x8eKkM,Diabetes  Types of Insulin - PostCare Recovery Patient Education HD,492,1.0,0.0,0.0,1.0,1.0,1.0,0.0,1.0,1.0,1.0,1.0,,1.0,1.0,0.0,1.0,1,1,1
425,rhmAyFY6dhU,Diabetes Drug Invokana Creates Even Worse Problems Than It Solves - The Ring Of Fire,494,0.0,1.0,0.0,1.0,0.0,0.0,0.0,1.0,1.0,1.0,,,1.0,1.0,0.0,,0,1,1
426,AzUj-UTvZDk,Cushing's Syndrome and Corticosteroids (Part 2),495,1.0,0.0,1.0,1.0,1.0,1.0,1.0,1.0,1.0,1.0,1.0,1.0,1.0,1.0,0.0,1.0,1,1,1
427,jvQzIzzL_lA,A Guide to Using Your Insulin Pen,499,0.0,1.0,0.0,1.0,0.0,0.0,1.0,1.0,1.0,1.0,1.0,,1.0,1.0,0.0,1.0,1,1,1
428,ZRLB5I0ZAi0,How to preserve beta cell function so you stop diabetes progression,500,0.0,1.0,0.0,1.0,0.0,0.0,0.0,1.0,1.0,1.0,1.0,1.0,1.0,1.0,0.0,1.0,1,1,1
429,PtKAeihnbv0,Membrane Potentials - Part 1 | Circulatory system physiology | NCLEX-RN | Khan Academy,501,1.0,1.0,1.0,1.0,0.0,0.0,1.0,1.0,1.0,1.0,1.0,,1.0,1.0,0.0,1.0,1,1,1
430,IE_ywuQoJSg,Lower urinary tract infection (cystitis) - causes; symptoms; treatment & pathology,501,1.0,1.0,1.0,1.0,1.0,1.0,1.0,1.0,1.0,1.0,1.0,,1.0,1.0,1.0,1.0,1,1,1
431,3hhpoOzUMxo,What causes fasting sugar levels to be high (hyperglycemia),504,0.0,1.0,0.0,0.0,0.0,0.0,0.0,1.0,1.0,1.0,1.0,,1.0,1.0,0.0,1.0,1,1,0
432,Ru5pFXXHRZo,Incredible Treat for Cure Diabetes,504,0.0,1.0,0.0,1.0,0.0,0.0,0.0,1.0,1.0,1.0,1.0,,1.0,1.0,0.0,0.0,1,1,1
433,qNdoOd11Vi8,Physical Activity Guidelines - Getting Started,505,0.0,1.0,0.0,1.0,0.0,0.0,1.0,1.0,1.0,1.0,1.0,,1.0,1.0,0.0,0.0,1,1,1
434,aHtD_63rjFQ,Encouraging Physical Activity in Preschoolers,508,0.0,1.0,0.0,1.0,0.0,0.0,0.0,1.0,,,1.0,,1.0,1.0,0.0,,0,1,0
435,uCpY8TtHuzo,Type 2 Diabetes: Treatment & Routine Äì Family Medicine | Lecturio,511,1.0,0.0,0.0,1.0,1.0,1.0,1.0,1.0,1.0,1.0,1.0,,1.0,1.0,0.0,1.0,1,1,1
436,vhukPv1se08,Diabetes Food | What Type Of Food is Cure Diabetes | Diabetes Diet Paln,511,0.0,1.0,0.0,1.0,0.0,0.0,0.0,1.0,,1.0,1.0,,1.0,1.0,0.0,,0,1,1
437,xY7e4XcIjs8,How sugar levels can be high even when you haven't eaten anything,513,0.0,1.0,0.0,1.0,0.0,0.0,0.0,0.0,,1.0,1.0,,1.0,1.0,0.0,1.0,0,1,0
438,1iB68lO2K9k,ICD-10 Subsequent Acute Myocardial Infarction Definition,513,1.0,0.0,0.0,0.0,0.0,0.0,0.0,1.0,0.0,0.0,0.0,,1.0,1.0,0.0,,0,1,0
439,6XEbW-uxsPc,Kidney Disease Treatment (From Stage 3 - End Stage) : Dialysis For Kidney Disease (Renal Failure),517,1.0,0.0,0.0,1.0,0.0,0.0,1.0,1.0,,1.0,1.0,,1.0,1.0,0.0,1.0,1,1,1
440,rUK0EiV_31o,The Gastroparesis Diet | Sophie,519,0.0,1.0,0.0,1.0,0.0,0.0,0.0,1.0,,0.0,0.0,,1.0,1.0,0.0,,0,1,0
441,5HNFsjUwolI,How Can I Cope With All These Changes Because Of Prediabetes?,521,0.0,1.0,0.0,1.0,0.0,0.0,1.0,1.0,,1.0,1.0,,1.0,1.0,0.0,1.0,1,1,1
442,ZeXuf7sOpzA,Classroom Yoga (Classroom Physical Activity Breaks),522,0.0,1.0,0.0,1.0,0.0,0.0,1.0,1.0,,1.0,1.0,,1.0,1.0,0.0,,1,1,1
443,kaoRrzakjGE,Enzyme Linked Receptors | Nervous system physiology | NCLEX-RN | Khan Academy,531,1.0,0.0,0.0,1.0,0.0,0.0,1.0,1.0,0.0,0.0,1.0,,1.0,1.0,0.0,1.0,1,1,0
444,ZA8GzhFh_CQ,8 Best Bodyweight Exercises Ever (HIT EVERY MUSCLE!),531,0.0,1.0,0.0,1.0,0.0,0.0,1.0,1.0,,1.0,1.0,,1.0,1.0,0.0,,1,1,1
445,lNAAzs4C-lQ,How to adjust & measure home water pressure,533,0.0,1.0,0.0,0.0,0.0,0.0,1.0,1.0,,1.0,1.0,,1.0,1.0,0.0,,0,1,1
446,JSFiOF7xGfE,Blood Sugar Levels,535,0.0,1.0,0.0,1.0,0.0,0.0,1.0,1.0,,1.0,0.0,1.0,1.0,1.0,0.0,1.0,1,1,1
447,hCicRpU3biY,A teenager's journey through weight loss surgery,536,0.0,1.0,0.0,0.0,0.0,0.0,0.0,1.0,,1.0,1.0,,1.0,1.0,0.0,,0,1,0
448,XRolebcoL2g,CLEAR - A Patient's Guide to Understanding Offloading Diabetic Foot Ulcers,538,0.0,1.0,0.0,1.0,0.0,0.0,1.0,1.0,,1.0,1.0,1.0,1.0,1.0,0.0,1.0,1,1,1
449,ItE86GxFwWk,What's Your Risk Of Developing Diabetes,542,0.0,0.0,0.0,0.0,0.0,0.0,0.0,1.0,,0.0,0.0,0.0,1.0,1.0,0.0,,0,1,0
450,met9SntRZe8,Chronic pancreatitis - causes; symptoms; diagnosis; treatment; pathology,542,1.0,0.0,1.0,1.0,1.0,1.0,1.0,1.0,0.0,1.0,1.0,,1.0,1.0,1.0,1.0,1,1,1
451,6B9lnKVX7YY,How to Treat Hypoglycemia; Hyperglycemia; and Disglycemia Naturally,548,1.0,1.0,1.0,1.0,0.0,0.0,1.0,1.0,,1.0,1.0,1.0,1.0,1.0,0.0,1.0,1,1,1
452,m1DOnLhVuX4,Complications after a heart attack (myocardial infarction) | NCLEX-RN | Khan Academy,548,1.0,0.0,1.0,1.0,1.0,1.0,1.0,1.0,,1.0,1.0,,1.0,1.0,1.0,1.0,1,1,1
453,IggJcAbecMM,Good Snacks For Prediabetes,550,0.0,1.0,0.0,1.0,0.0,0.0,0.0,1.0,0.0,1.0,1.0,1.0,1.0,1.0,0.0,1.0,1,1,1
454,HSJVVLcUcus,Carb Counting Part 1,553,1.0,0.0,0.0,1.0,1.0,1.0,1.0,1.0,0.0,1.0,0.0,0.0,1.0,1.0,0.0,1.0,1,1,1
455,YdBXHm3edL8,Cytotoxic T cells and MHC I complexes,556,1.0,0.0,0.0,1.0,1.0,1.0,1.0,1.0,0.0,1.0,1.0,,1.0,1.0,0.0,1.0,1,1,1
456,IMLVbEzM0DI,Treating type II diabetes - Pharmacology | Endocrine system diseases | NCLEX-RN | Khan Academy,557,1.0,0.0,0.0,1.0,1.0,0.0,1.0,1.0,0.0,0.0,0.0,,1.0,1.0,0.0,1.0,1,1,0
457,WIpxrtf7QbY,Carbohydrate Counting for Students with Dietary Needs,557,1.0,1.0,0.0,1.0,0.0,0.0,1.0,1.0,,1.0,1.0,,1.0,1.0,0.0,,1,1,1
458,-Aj5BTnz-v0,Molecular structure of glucose | Macromolecules | Biology | Khan Academy,559,1.0,0.0,0.0,1.0,0.0,0.0,1.0,1.0,0.0,1.0,1.0,,1.0,1.0,0.0,1.0,1,1,1
459,ABeOnnq6k8M,What You Need to Know About Checking Your Blood Glucose,561,0.0,1.0,0.0,1.0,0.0,0.0,0.0,1.0,0.0,1.0,0.0,1.0,1.0,1.0,0.0,0.0,0,1,0
460,5w1vW2VEZcE,How to lower your insulin level if youÄôre suffering from hyperinsulinemia,562,0.0,1.0,0.0,1.0,0.0,0.0,0.0,1.0,0.0,0.0,1.0,,1.0,1.0,0.0,0.0,0,1,0
461,E1myFSlpy-A,Chronic kidney disease (chronic renal failure) - causes; symptoms; diagnosis; treatment; pathology,564,1.0,0.0,1.0,1.0,1.0,1.0,1.0,1.0,1.0,1.0,1.0,,1.0,1.0,1.0,1.0,1,1,1
462,3lQZ4q_msGg(*****),Episodio #521 Gastroparesis,566,0.0,0.0,0.0,0.0,0.0,0.0,0.0,0.0,,0.0,0.0,,0.0,0.0,0.0,0.0,0,0,0
463,Xa--z2elP2c,[Seminar Series] Diabetes and Insulin,568,1.0,1.0,1.0,1.0,1.0,,1.0,1.0,0.0,1.0,1.0,1.0,1.0,1.0,1.0,1.0,1,1,1
464,i32a5T-JsEc,Trees and Squirrels (Classroom Physical Activity Breaks),573,0.0,0.0,0.0,1.0,0.0,0.0,1.0,1.0,,1.0,1.0,,1.0,1.0,0.0,,0,1,1
465,SCV_m91mN-Q,Endocrine System; part 2 - Hormone Cascades: Crash Course A&P #24,574,1.0,1.0,1.0,1.0,0.0,0.0,1.0,1.0,,0.0,1.0,,1.0,1.0,0.0,1.0,1,1,1
466,rd2cf5hValM,Immune System; part 3: Crash Course A&P #47,577,0.0,0.0,0.0,1.0,0.0,0.0,0.0,1.0,,0.0,0.0,,1.0,1.0,0.0,,0,1,0
467,KW8HnpSp6wk,Latent autoimmune diabetes of adults,581,0.0,0.0,0.0,0.0,0.0,0.0,0.0,1.0,,0.0,,,1.0,1.0,0.0,,0,1,0
468,Jvtb0a2RXaY,Tissues; Part 4 - Types of Connective Tissues: Crash Course A&P #5,583,1.0,1.0,1.0,1.0,0.0,0.0,1.0,0.0,1.0,1.0,1.0,0.0,0.0,0.0,0.0,0.0,1,0,1
469,F4Lt0AjMxEY,Diabetic nephropathy - Mechanisms | Endocrine system diseases | NCLEX-RN | Khan Academy,583,1.0,1.0,1.0,1.0,0.0,0.0,1.0,0.0,1.0,1.0,1.0,0.0,0.0,0.0,0.0,0.0,1,0,1
470,jLscoVyV4zA,Diabetic nephropathy   Mechanisms   Endocrine system diseases   NCLEX RN   Khan Academy,583,1.0,1.0,1.0,1.0,0.0,0.0,1.0,0.0,1.0,1.0,1.0,0.0,0.0,0.0,0.0,0.0,1,0,1
471,U_rZA3_SBlA,Understanding how insulin resistance causes high blood pressure,584,1.0,1.0,1.0,1.0,1.0,1.0,1.0,0.0,1.0,1.0,1.0,0.0,0.0,0.0,0.0,0.0,1,0,1
472,oioFVbsiwEk,Reading Blood Pressure,588,1.0,1.0,0.0,1.0,0.0,0.0,1.0,0.0,1.0,1.0,1.0,0.0,1.0,1.0,0.0,0.0,1,1,1
473,BtqlMr1rUT8,Exocrine pancreas | Gastrointestinal system physiology | NCLEX-RN | Khan Academy,589,1.0,1.0,1.0,1.0,1.0,1.0,1.0,1.0,1.0,1.0,1.0,0.0,0.0,0.0,0.0,0.0,1,0,1
474,PAab0M_6fuQ,Metabolic syndrome begins when insulin clearance is less efficient,596,1.0,1.0,1.0,0.0,1.0,1.0,1.0,0.0,1.0,1.0,1.0,0.0,0.0,0.0,0.0,0.0,1,0,1
475,_A6GbgUnEZc,Pancreatic neuroendocrine neoplasms- causes; symptoms; diagnosis; treatment; pathology,597,1.0,1.0,1.0,1.0,1.0,1.0,1.0,1.0,1.0,1.0,1.0,0.0,0.0,1.0,0.0,0.0,1,0,1
476,q2vPQYP0dpI,POTASSIUM: The MOST Important Electrolyte - MUST WATCH!,600,1.0,1.0,1.0,1.0,1.0,1.0,1.0,1.0,1.0,1.0,1.0,0.0,0.0,1.0,0.0,0.0,1,0,1
477,jsxFbDIvQRw,I am Diabetic. Here's how it works. My insulin pump and continuous glucose meter (CGM).,600,1.0,1.0,0.0,0.0,0.0,0.0,1.0,0.0,0.0,1.0,1.0,0.0,1.0,1.0,1.0,0.0,1,1,0
478,my7lL8o-3ow,Episodio # 880 Insulina y Glucag__n Dos Hormonas Contrarias,601,0.0,0.0,0.0,1.0,0.0,0.0,1.0,0.0,0.0,1.0,1.0,0.0,0.0,0.0,0.0,0.0,0,0,0
479,8JDuBDIy4C4,Hypertension: The Silent Killer | NEW High Blood Pressure Guidelines,601,1.0,1.0,1.0,1.0,0.0,0.0,1.0,0.0,1.0,1.0,1.0,0.0,1.0,1.0,0.0,0.0,1,1,1
480,X87NbBTXixE,Charak M2 Tone Benefits | §Ä§_§ø§Ø§°ç§_ §ïá §¶§_ç§¶ §î§_ §Æ§_§ø§_§æ §¨§æ§Å§ù§§® §ïÄ §¶§µ§æ,601,0.0,0.0,0.0,0.0,0.0,0.0,0.0,0.0,1.0,1.0,0.0,0.0,0.0,0.0,0.0,0.0,0,0,0
481,rpPeJFFzJ5g,Caralise Hunt: Type 2 Diabetes Self-Management,601,1.0,1.0,1.0,0.0,1.0,1.0,1.0,0.0,1.0,1.0,1.0,0.0,1.0,1.0,0.0,0.0,1,1,1
482,3lMehvXSJWU,Acute pancreatitis - causes; symptoms; diagnosis; treatment; pathology,602,1.0,1.0,1.0,1.0,1.0,1.0,1.0,0.0,1.0,1.0,1.0,0.0,1.0,1.0,0.0,0.0,1,1,1
483,-71ld0iqAq8,Diabetes Skin Problems  - Pictures of Diabetes Sores,602,1.0,1.0,1.0,1.0,1.0,1.0,1.0,1.0,1.0,1.0,1.0,0.0,1.0,0.0,0.0,0.0,1,0,1
484,ijjnqeS0pIE,Signs and Symptoms Of Thyroid,605,1.0,1.0,1.0,1.0,0.0,0.0,1.0,0.0,1.0,1.0,1.0,0.0,1.0,0.0,0.0,0.0,1,0,1
485,Pr_-cUA_PY8,Diabetic nephropathy - Clinical presentation & treatment | NCLEX-RN | Khan Academy,605,1.0,1.0,1.0,1.0,0.0,0.0,1.0,0.0,1.0,1.0,1.0,0.0,0.0,0.0,0.0,0.0,1,0,1
486,kb146Y1igTQ,Metabolism & Nutrition; part 2: Crash Course A&P #37,607,1.0,1.0,1.0,1.0,0.0,0.0,1.0,1.0,1.0,1.0,1.0,0.0,0.0,0.0,0.0,0.0,1,0,1
487,Gazuoyf-lm4,The Nephron in Numbers: A Video of Renal Clearance,607,1.0,1.0,1.0,1.0,1.0,1.0,1.0,0.0,1.0,1.0,1.0,0.0,0.0,0.0,0.0,0.0,1,0,1
488,B-IfZvygQnM,Signs and Symptoms Of Pancreatic Cancer You Should Know,610,1.0,1.0,1.0,1.0,1.0,1.0,1.0,0.0,1.0,1.0,1.0,0.0,1.0,1.0,1.0,1.0,1,1,1
489,CYGLevDEj08,Review | PTS Folding Pocket Gun (FPG) KWA/KSC G18C | Magpul,610,1.0,0.0,0.0,0.0,0.0,0.0,0.0,0.0,0.0,1.0,1.0,0.0,1.0,1.0,0.0,0.0,0,1,0
490,UEt6sC6qdlA,Gangrene,611,1.0,1.0,1.0,1.0,0.0,0.0,0.0,0.0,1.0,1.0,1.0,0.0,0.0,0.0,0.0,0.0,0,0,1
491,oc0nFa2dA0M,Don't Ignore These Early Symptoms of Liver Damage,616,1.0,1.0,1.0,1.0,1.0,1.0,1.0,0.0,1.0,1.0,1.0,0.0,1.0,1.0,1.0,1.0,1,1,1
492,d6H_jPqjLKk,DKA - Diabetic Ketoacidosis Nursing Care NCLEX¬Æ Review | NRSNGacademy.com,616,1.0,1.0,1.0,1.0,1.0,1.0,1.0,0.0,1.0,1.0,1.0,0.0,0.0,0.0,0.0,0.0,1,0,1
493,BCSdVZtWOaM,Diabetes Mellitus and Insulin,620,1.0,1.0,1.0,1.0,1.0,1.0,1.0,0.0,1.0,1.0,1.0,0.0,1.0,1.0,1.0,1.0,1,1,1
494,fSYFsrurYKI,Development of Type I Diabetes Mellitus by Michael Agus; MD for OPENPediatrics,621,1.0,1.0,1.0,1.0,1.0,1.0,1.0,0.0,1.0,1.0,1.0,1.0,1.0,1.0,1.0,1.0,1,1,1
495,Ylkj2ORlwXc,I Have Polycystic Ovarian Syndrome,624,1.0,1.0,1.0,1.0,0.0,0.0,0.0,0.0,1.0,1.0,0.0,0.0,1.0,1.0,0.0,0.0,1,1,1
496,Ekqq6DE8vGE,How to reverse diabetes type 2 Äì the video course,624,1.0,1.0,1.0,1.0,0.0,0.0,1.0,1.0,1.0,1.0,1.0,0.0,1.0,1.0,0.0,0.0,1,1,1
497,iKKF5yuxvg8,Acute complications of diabetes - Hyperosmolar hyperglycemic nonketotic state | Khan Academy,625,1.0,1.0,1.0,1.0,1.0,1.0,1.0,1.0,1.0,1.0,1.0,0.0,0.0,0.0,0.0,0.0,1,0,1
498,pqjgCORDIys,§_ç§ØÇ§ïã§_§ø§Ø§æ §Ø§æ §_ûá§¶ §§æ§®Ä §ïÄ §¶§µ§æ | Himalaya Lukol Review For White Discharge,626,0.0,0.0,0.0,0.0,0.0,0.0,0.0,0.0,0.0,0.0,0.0,0.0,0.0,0.0,0.0,0.0,0,0,0
499,irZC2hV9T-0,Don't ignore these early symptoms of pancreatic cancer,631,1.0,1.0,0.0,1.0,1.0,0.0,1.0,1.0,1.0,0.0,0.0,0.0,1.0,0.0,0.0,0.0,1,0,1
500,fR3NxCR9z2U,Metabolism & Nutrition; part 1: Crash Course A&P #36,633,1.0,1.0,1.0,1.0,1.0,0.0,1.0,1.0,1.0,0.0,1.0,0.0,0.0,0.0,0.0,0.0,1,0,1
501,YBY4MSgZLDA,_üî¥ÉâÇ§ÉÑÊåØÂãïÂåªÂ_¶Å´ÇàÇãËáÂæãÁûÁµåÈöúÂÆ_Á_®Ô_ú Autonomic neuropathy by German Oscillatory Medicine.,641,0.0,0.0,0.0,0.0,1.0,0.0,0.0,0.0,0.0,0.0,0.0,0.0,0.0,0.0,0.0,0.0,0,0,0
502,Ep0kFZiWUJI,Gastroparesis Q&A  | Sophie,655,1.0,1.0,0.0,0.0,0.0,0.0,0.0,0.0,0.0,1.0,1.0,0.0,0.0,0.0,0.0,0.0,0,0,0
503,wQ1QGZ6gJ8w,Basics of Metabolism,665,1.0,1.0,1.0,1.0,0.0,0.0,1.0,1.0,1.0,1.0,1.0,0.0,0.0,0.0,0.0,0.0,1,0,1
504,xaz5ftvZCyI,Review of B cells; CD4+ T cells and CD8+ T cells | NCLEX-RN | Khan Academy,667,1.0,1.0,1.0,1.0,0.0,0.0,1.0,1.0,1.0,1.0,0.0,0.0,0.0,0.0,0.0,0.0,1,0,1
505,dC7y9qB3tcA,Why some vigorous physical activity could save your life | Klaus Gebel | TEDxJCUCairns,673,1.0,1.0,0.0,1.0,1.0,0.0,1.0,1.0,0.0,1.0,1.0,1.0,1.0,1.0,1.0,1.0,1,1,1
506,JXnpt72MZl4,Insulin receptor,684,1.0,1.0,1.0,1.0,0.0,0.0,0.0,1.0,0.0,0.0,0.0,0.0,0.0,0.0,0.0,0.0,0,0,0
507,GNghXeGlTdI,10 Best Fiber Foods for Diabetes,684,1.0,1.0,0.0,1.0,1.0,0.0,1.0,1.0,1.0,1.0,1.0,0.0,1.0,1.0,1.0,0.0,1,1,1
508,tpjVmLIUWCo,Acute complications of diabetes - Diabetic ketoacidosis | NCLEX-RN | Khan Academy,686,1.0,1.0,1.0,1.0,0.0,0.0,1.0,1.0,1.0,1.0,1.0,0.0,0.0,0.0,0.0,1.0,1,0,1
509,LijHvJcVuCI,Debate on Donor Islet vs. ESC-derived pancreatic progenitors - Part 3,693,1.0,1.0,0.0,1.0,0.0,0.0,0.0,0.0,0.0,1.0,1.0,0.0,0.0,0.0,0.0,0.0,0,0,0
510,2TnieMq4E14,Beta cells can regenerate under the right circumstances,702,1.0,1.0,1.0,0.0,0.0,0.0,1.0,0.0,1.0,1.0,1.0,0.0,0.0,0.0,0.0,0.0,0,0,1
511,Id2E72P8Fe0,Insulin and glucagon | Chemical Processes | MCAT | Khan Academy,703,1.0,1.0,1.0,1.0,1.0,1.0,1.0,1.0,1.0,1.0,1.0,0.0,0.0,0.0,0.0,0.0,1,0,1
512,eTqPsqnbwoc,Drug Half-life | An Overview - Pharm Lect 10,704,1.0,1.0,1.0,1.0,1.0,1.0,1.0,0.0,1.0,1.0,1.0,0.0,0.0,1.0,0.0,0.0,1,0,1
513,0vyLi8BVi8I,Avoiding Leg Amputations Due to Peripheral Arterial Disease | Q&A,704,1.0,1.0,1.0,1.0,0.0,0.0,0.0,1.0,0.0,1.0,0.0,0.0,0.0,0.0,0.0,0.0,0,0,1
514,dPKvHrD1eS4,In Da Club - Membranes & Transport: Crash Course Biology #5,705,1.0,1.0,1.0,1.0,0.0,0.0,0.0,0.0,1.0,1.0,1.0,0.0,0.0,1.0,0.0,0.0,1,0,1
515,iTjDi2ZO0n8,Understanding Insulin Resistance and What You Can Do About It,706,1.0,1.0,1.0,1.0,0.0,0.0,1.0,1.0,1.0,1.0,1.0,0.0,0.0,1.0,0.0,0.0,1,0,1
516,1teEi1piQrM,How to use Short-Acting Insulin,707,1.0,1.0,1.0,1.0,1.0,1.0,1.0,1.0,1.0,1.0,1.0,0.0,1.0,1.0,1.0,0.0,1,1,1
517,7fuLw031H-g,Regulation of glycolysis and gluconeogenesis | Biomolecules | MCAT | Khan Academy,709,1.0,1.0,1.0,1.0,0.0,0.0,1.0,0.0,1.0,1.0,1.0,0.0,0.0,0.0,0.0,0.0,1,0,1
518,VgnbRK8pij8,Obesity,719,1.0,1.0,0.0,1.0,0.0,0.0,1.0,1.0,1.0,1.0,1.0,0.0,1.0,1.0,1.0,0.0,1,1,1
519,ArmlWtDnuys,Steps of glycolysis | Cellular respiration | Biology | Khan Academy,722,1.0,1.0,1.0,1.0,0.0,0.0,1.0,0.0,1.0,1.0,1.0,0.0,0.0,1.0,0.0,0.0,1,0,1
520,1a2Fsfa8e4I,The perfect treatment for diabetes and weight loss,732,1.0,1.0,1.0,1.0,0.0,0.0,0.0,0.0,0.0,1.0,1.0,0.0,1.0,1.0,0.0,0.0,1,1,1
521,-8HmZjScLe0,The Effects of Gastroparesis | Taking a Break (10/20/17),732,0.0,1.0,0.0,1.0,0.0,0.0,0.0,0.0,0.0,1.0,1.0,0.0,0.0,1.0,0.0,0.0,0,0,0
522,h0zD1gj0pXk,The Skinny on Obesity (Ep. 1): An Epidemic for Every Body,736,1.0,1.0,1.0,1.0,0.0,0.0,1.0,0.0,1.0,1.0,1.0,0.0,0.0,0.0,0.0,0.0,1,0,1
523,9tAbhNvWi90,We Quit Sugar; Dairy; And Gluten To Manage Type 2 Diabetes,736,1.0,1.0,0.0,1.0,0.0,0.0,0.0,0.0,0.0,1.0,1.0,0.0,1.0,1.0,0.0,0.0,0,1,0
524,MKKrOHNN3xQ,Reversing Type 2 Diabetes Äî And Reversing Heart Disease Äî Don Avoided 6 Bypasses Äî Food as Medicine!,739,1.0,1.0,0.0,1.0,0.0,0.0,0.0,1.0,0.0,1.0,1.0,0.0,1.0,1.0,0.0,0.0,1,1,1
525,mvqyBhUJATE,When Should We Use SGLT2 Inhibitors   YouTube,748,1.0,1.0,1.0,1.0,1.0,1.0,1.0,1.0,1.0,1.0,1.0,0.0,1.0,1.0,0.0,0.0,1,1,1
526,zPdwsCTp4gM,Living with Hirsutism,751,1.0,1.0,1.0,1.0,1.0,1.0,1.0,0.0,1.0,1.0,1.0,0.0,0.0,1.0,0.0,0.0,1,0,1
527,NouXeM-NzX8,Ovarian Cyst and Polycystic Ovarian Syndrome (PCOS) : Symptoms; Treatment and Real Experiences,753,1.0,1.0,1.0,1.0,1.0,1.0,1.0,1.0,1.0,1.0,1.0,0.0,1.0,1.0,0.0,0.0,1,1,1
528,5qBJNZeIavI,Hypokalemia - causes; symptoms; diagnosis; treatment; pathology,756,1.0,1.0,1.0,1.0,1.0,1.0,1.0,0.0,1.0,1.0,1.0,0.0,0.0,1.0,0.0,0.0,1,0,1
529,IpedthIpUnY,Fat Is NOT the Cause of Insulin Resistance,759,1.0,1.0,0.0,1.0,0.0,0.0,0.0,0.0,1.0,1.0,1.0,0.0,0.0,1.0,0.0,0.0,0,0,1
530,C1pIuddZ7HE,Puking at the Restaurant | Gastroparesis Problems _üò_ (5/12/17),765,0.0,1.0,0.0,1.0,0.0,0.0,0.0,0.0,0.0,1.0,1.0,0.0,0.0,0.0,0.0,0.0,0,0,0
531,H-qREcJqUhY,Calculate your own osmolarity | Lab values and concentrations | Health & Medicine | Khan Academy,779,1.0,1.0,1.0,1.0,0.0,0.0,1.0,1.0,1.0,1.0,1.0,0.0,1.0,1.0,0.0,0.0,1,1,1
532,0xgeG2gtI0A,TOP 10 Foods that do NOT affect the blood sugar,781,1.0,1.0,1.0,1.0,1.0,1.0,1.0,1.0,1.0,1.0,1.0,0.0,1.0,1.0,1.0,0.0,1,1,1
533,Xe7PKGINr9Q,Lipid Lowering Agents,783,1.0,1.0,1.0,1.0,1.0,1.0,1.0,1.0,1.0,1.0,1.0,0.0,0.0,1.0,0.0,0.0,1,0,1
534,Q6toBA7SRkY,How to Get Rid of a UTI (Plus; a DIY Bladder Soothe Recipe!),791,1.0,1.0,1.0,1.0,1.0,1.0,1.0,1.0,1.0,1.0,1.0,0.0,1.0,1.0,0.0,0.0,1,1,1
535,Vgo6TXqQKMg,_üí A Day In the Life of a Gastroparesis Warrior | GP Awareness Month _üíö (8/8/17),791,0.0,1.0,0.0,1.0,0.0,0.0,0.0,0.0,0.0,1.0,0.0,0.0,0.0,1.0,0.0,0.0,0,0,0
536,l0V-Xmps1mE,Overview of Amino Acid Metabolism,800,1.0,1.0,1.0,1.0,0.0,0.0,1.0,0.0,0.0,1.0,1.0,0.0,0.0,1.0,0.0,0.0,1,0,1
537,k1qtkFqQDBs,B-Cell Development in the Bone Marrow Äì Lymphocyte Development | Lecturio,801,1.0,1.0,1.0,1.0,1.0,1.0,1.0,0.0,1.0,1.0,1.0,1.0,0.0,1.0,0.0,0.0,1,0,1
538,VIrkurR446s,Diabetic retinopathy | Endocrine system diseases | NCLEX-RN | Khan Academy,801,1.0,1.0,1.0,1.0,1.0,1.0,1.0,0.0,1.0,1.0,1.0,0.0,1.0,0.0,0.0,0.0,1,0,1
539,00jbG_cfGuQ,ATP & Respiration: Crash Course Biology #7,806,1.0,1.0,0.0,1.0,0.0,0.0,1.0,1.0,1.0,1.0,1.0,0.0,1.0,1.0,0.0,0.0,1,1,1
540,yIc2XFNLhm8,Diabetic Ketoacidosis (DKA) Explained Clearly - Diabetes Complications,809,1.0,1.0,1.0,1.0,0.0,0.0,1.0,0.0,1.0,1.0,1.0,0.0,0.0,1.0,0.0,0.0,1,0,1
541,zU-5GcqzHNM,The lies we tell pregnant women | Sofia Jawed-Wessel,819,1.0,1.0,0.0,1.0,0.0,0.0,0.0,1.0,0.0,1.0,1.0,0.0,1.0,1.0,0.0,0.0,1,1,1
542,hg1gPLAG9Q4,The Scary Reality of My Gastroparesis _üòì (5/16/17),819,1.0,1.0,0.0,1.0,0.0,0.0,0.0,0.0,0.0,1.0,0.0,0.0,0.0,0.0,0.0,0.0,0,0,0
543,ea1sXgd5ui8,Cushing Syndrome - causes; symptoms; diagnosis; treatment; pathology,822,1.0,1.0,1.0,1.0,1.0,1.0,1.0,0.0,1.0,1.0,1.0,0.0,0.0,1.0,0.0,0.0,1,0,1
544,ZHTdmMJtY5E,What is PCOS? with Leena Norms | The Hormone Diaries Ep. 13 | Hannah Witton,824,1.0,1.0,0.0,1.0,0.0,0.0,0.0,0.0,0.0,1.0,0.0,0.0,0.0,0.0,0.0,0.0,0,0,0
545,WI8_9PIyWN4,Marlene Bedrich; RN; Insulin Delivery Devices,850,1.0,1.0,1.0,1.0,0.0,0.0,1.0,0.0,1.0,1.0,1.0,0.0,1.0,1.0,1.0,1.0,1,1,1
546,Z36dUduOk1Y,B lymphocytes (B cells) | Immune system physiology | NCLEX-RN | Khan Academy,853,1.0,1.0,1.0,1.0,0.0,0.0,1.0,0.0,1.0,1.0,1.0,0.0,0.0,0.0,0.0,0.0,1,0,1
547,czY5nyvZ7cU,Secondary active transport in the nephron | Renal system physiology | NCLEX-RN | Khan Academy,853,1.0,1.0,1.0,1.0,0.0,0.0,1.0,0.0,1.0,1.0,1.0,0.0,0.0,1.0,0.0,0.0,1,0,1
548,Of1Aewx-zRM,Pharmacology - DRUGS FOR HYPERLIPIDEMIA (MADE EASY),869,1.0,1.0,1.0,1.0,0.0,0.0,1.0,0.0,1.0,1.0,1.0,0.0,0.0,0.0,0.0,0.0,1,0,1
549,f_4Q9Iv7_Ao,WHY Sugar is as Bad as Alcohol (Fructose; The Liver Toxin),870,1.0,1.0,1.0,1.0,0.0,0.0,1.0,0.0,1.0,1.0,1.0,0.0,1.0,0.0,0.0,0.0,1,0,1
550,x6JGB8sTvUw,Flex Comparison: Ahab; Falcon; Neponset; Splash; and Ogiva!,874,1.0,1.0,0.0,0.0,0.0,0.0,0.0,0.0,0.0,1.0,1.0,0.0,0.0,0.0,0.0,0.0,0,0,0
551,CWJcgEDBbKU,The Prediabetes Diet Can Benefit Everyone,892,1.0,1.0,0.0,1.0,0.0,0.0,1.0,0.0,1.0,1.0,1.0,0.0,1.0,0.0,0.0,0.0,1,0,1
552,JlZjNrp_dHY,¬°Miguelito se qued__ sin agua! - Morand_© con Compa_±__a 2017,897,0.0,0.0,0.0,1.0,0.0,0.0,0.0,0.0,0.0,1.0,0.0,0.0,0.0,0.0,0.0,0.0,0,0,0
553,LylsVQ8HFIw,Glycemic Index & Glycemic Load,898,1.0,1.0,1.0,1.0,1.0,1.0,1.0,1.0,1.0,1.0,1.0,0.0,1.0,1.0,1.0,0.0,1,1,1
554,3UKB4T4g4Ls,Youtubers that PROMOTE Eating Disorders,899,1.0,1.0,0.0,1.0,0.0,0.0,0.0,0.0,1.0,1.0,1.0,1.0,0.0,1.0,0.0,0.0,1,0,1
555,YcCqXGrqxAo,Dr. Raj and Dr. Barkin | Exocrine Pancreatic Insufficiency (EPI): A Guide For Patients,904,1.0,1.0,1.0,1.0,1.0,0.0,1.0,0.0,1.0,1.0,1.0,0.0,1.0,0.0,0.0,0.0,1,0,1
556,lqbL-UhhyPk,My Battle With Anorexia | Dave Chawner | TEDxClapham,953,1.0,1.0,0.0,1.0,0.0,0.0,1.0,0.0,0.0,1.0,0.0,0.0,0.0,1.0,0.0,0.0,0,0,0
557,f2HnkDGuBqk,The Best Low Carb Sweetener? - Testing Blood Sugar Response of Artificial Sweeteners - SURPRISE!,962,1.0,1.0,0.0,1.0,0.0,0.0,0.0,0.0,0.0,1.0,1.0,0.0,0.0,1.0,0.0,0.0,0,0,0
558,sWN13pKVp9s,Obesity is a National Security Issue: Lieutenant General Mark Hertling at TEDxMidAtlantic 2012,968,1.0,1.0,0.0,1.0,0.0,0.0,1.0,0.0,1.0,1.0,1.0,0.0,0.0,1.0,0.0,0.0,1,0,1
559,DqsvwHG9c-M,Solutions for the obesity epidemic | Liesbeth van Rossum | TEDxErasmusUniversity,988,1.0,1.0,0.0,1.0,0.0,0.0,0.0,0.0,0.0,1.0,1.0,0.0,0.0,1.0,0.0,0.0,0,0,0
560,kWn0mnbahME,Hepatitis C || Hepatitis C causes; symptoms; treatment and measures to avoid || §ï§æ§_§£; §_§ïç§_§£;,995,1.0,0.0,0.0,0.0,0.0,0.0,0.0,0.0,0.0,1.0,1.0,0.0,0.0,0.0,0.0,0.0,0,0,0
561,L8AybjTBKF4,Sherri Shafer; Registered Dietitian; Diabetes Management Part 1: Carbohydrate Counting,1009,1.0,1.0,1.0,0.0,1.0,1.0,1.0,1.0,1.0,1.0,1.0,1.0,1.0,1.0,0.0,0.0,1,1,1
562,QA2_uA0qJls,Official Review of High Cost Afrezza Inhalable Insulin,1018,1.0,1.0,0.0,1.0,0.0,0.0,0.0,0.0,0.0,1.0,0.0,0.0,0.0,0.0,0.0,0.0,0,0,0
563,qt8goLiew2o,Neuropathy: The Cause & Natural Treatment,1025,1.0,1.0,1.0,1.0,1.0,1.0,1.0,1.0,1.0,1.0,1.0,1.0,1.0,1.0,1.0,0.0,1,1,1
564,LWDQyaKVols,Pharmacology - DRUGS FOR DIABETES (MADE EASY),1037,1.0,1.0,1.0,1.0,1.0,1.0,1.0,0.0,1.0,1.0,1.0,0.0,0.0,1.0,0.0,0.0,1,0,1
565,XSWIxbgr1AY,The Causes of Sexual Dysfunction and Women With Diabetes,1062,1.0,1.0,0.0,0.0,0.0,0.0,0.0,0.0,0.0,1.0,0.0,0.0,0.0,1.0,0.0,0.0,0,0,0
566,QRLZwXL6w1c,Diabetes mellitus (type 1; type 2) & diabetic ketoacidosis (DKA) - causes & symptoms,1067,1.0,1.0,1.0,1.0,1.0,1.0,1.0,1.0,1.0,1.0,1.0,0.0,0.0,1.0,0.0,0.0,1,0,1
567,_g9r64ICTsk,Carbohydrate Counting FA14,1077,1.0,1.0,1.0,1.0,1.0,1.0,1.0,0.0,1.0,1.0,1.0,1.0,1.0,1.0,1.0,1.0,1,1,1
568,J0Y1MlanzCk,Human Physiology - The Specific Immune Response: Characteristics of B and T Cells,1086,1.0,1.0,1.0,1.0,1.0,1.0,1.0,0.0,1.0,1.0,1.0,0.0,0.0,1.0,0.0,0.0,1,0,1
569,sT-IOqAzf7k,Naturopathic Treatment of Polycystic Ovarian Syndrome,1086,1.0,1.0,0.0,1.0,0.0,0.0,0.0,0.0,0.0,1.0,0.0,0.0,0.0,1.0,0.0,0.0,0,0,0
570,da1vvigy5tQ,Reversing Type 2 diabetes starts with ignoring the guidelines | Sarah Hallberg | TEDxPurdueU,1092,1.0,1.0,1.0,1.0,0.0,0.0,0.0,1.0,1.0,1.0,1.0,0.0,1.0,1.0,0.0,0.0,1,1,1
571,ktQzM2IA-qU,Tackling diabetes with a bold new dietary approach: Neal Barnard at TEDxFremont,1102,1.0,1.0,1.0,1.0,0.0,0.0,0.0,0.0,1.0,1.0,1.0,0.0,1.0,1.0,0.0,0.0,1,1,1
572,cc8sUv2SuaY,The kidney and nephron | Renal system physiology | NCLEX-RN | Khan Academy,1118,1.0,1.0,1.0,1.0,0.0,0.0,1.0,0.0,1.0,1.0,1.0,0.0,0.0,1.0,0.0,0.0,1,0,1
573,_eNgRJ_QTBM,Joueur du Grenier - Des jeux en vrac !,1131,1.0,1.0,0.0,1.0,0.0,0.0,0.0,0.0,0.0,1.0,1.0,0.0,1.0,1.0,0.0,0.0,0,1,0
574,klqaNGRnlDs,What is Gastroparesis? | Sophie,1166,1.0,1.0,1.0,1.0,0.0,0.0,0.0,0.0,0.0,1.0,0.0,0.0,0.0,1.0,0.0,0.0,0,0,0
575,0uSKKKrBmaE,Adipose tissue,1190,1.0,1.0,0.0,1.0,0.0,0.0,0.0,0.0,0.0,1.0,0.0,0.0,0.0,0.0,0.0,0.0,0,0,0
576,WNt0puFwrTk,MHC class 1 and 2 | Major histocompatibility complex,1225,1.0,1.0,0.0,1.0,0.0,0.0,0.0,0.0,1.0,1.0,1.0,0.0,0.0,1.0,0.0,0.0,0,0,1
577,tbxgQS3RPvQ,5) Fuels 2   CHO Metabolism During Exercise,1281,1.0,0.0,0.0,1.0,1.0,1.0,1.0,0.0,1.0,1.0,1.0,0.0,0.0,1.0,0.0,0.0,1,0,1
578,LVgzOyHVcj4,No Sex Marriage Äì Masturbation; Loneliness; Cheating and Shame | Maureen McGrath | TEDxStanleyPark,1312,1.0,1.0,0.0,1.0,0.0,0.0,0.0,1.0,0.0,1.0,0.0,0.0,0.0,1.0,0.0,0.0,0,0,0
579,VUo2XW0z218,Artificial Sweeteners,1459,1.0,1.0,0.0,1.0,0.0,0.0,1.0,1.0,1.0,1.0,1.0,0.0,1.0,1.0,0.0,0.0,1,1,1
580,t0nVO_DOmVA,J. Trevor Hughes; President and CEO; IAPP | #DPPC2017,1468,1.0,1.0,0.0,1.0,0.0,0.0,0.0,0.0,1.0,1.0,1.0,0.0,0.0,1.0,0.0,0.0,0,0,1
581,_WhjX5xljD8,Blood Sugar vs Insulin: what's the difference?,1529,1.0,1.0,0.0,1.0,0.0,0.0,0.0,0.0,0.0,1.0,0.0,0.0,1.0,1.0,0.0,0.0,0,1,0
582,SDzJKaBvOGw,The Root of Modern Illness - High Insulin,1556,1.0,1.0,0.0,1.0,0.0,0.0,0.0,1.0,0.0,1.0,0.0,0.0,1.0,1.0,0.0,0.0,0,1,0
583,Hd4kvlF1uCA,Hyperandrogenism,1594,1.0,1.0,1.0,1.0,0.0,0.0,0.0,0.0,0.0,1.0,0.0,0.0,0.0,0.0,0.0,0.0,0,0,0
584,YWj2RGPE0Dg,Myocardial Infarction (MI Heart Attack) for NCLEX Review and nursing students,1594,1.0,1.0,1.0,1.0,1.0,1.0,1.0,0.0,1.0,1.0,1.0,1.0,1.0,1.0,1.0,1.0,1,1,1
585,PxPKW04fSoA,Being Blind VS. Being Deaf! (Collab with Rikki Poynter) - Molly Burke  (CC),1645,1.0,1.0,0.0,1.0,0.0,0.0,1.0,0.0,0.0,1.0,0.0,0.0,1.0,1.0,0.0,0.0,0,1,0
586,7vwKMmqSzsg,The Most UNEXPECTED Auditions EVER!,1674,0.0,1.0,0.0,1.0,0.0,0.0,0.0,0.0,0.0,1.0,0.0,0.0,0.0,1.0,0.0,0.0,0,0,0
587,jzeYIytL3wo,Cerebral Edema in Diabetic Ketoacidosis by Michael Agus; MD for OPENPediatrics,1674,1.0,0.0,1.0,1.0,1.0,1.0,1.0,1.0,1.0,1.0,1.0,1.0,0.0,1.0,0.0,0.0,1,0,1
588,S05_qhpx31Y,Plugged In Virginia / Diabetes Self-Management / Diabetes Prevention,1693,1.0,1.0,1.0,1.0,0.0,0.0,1.0,0.0,1.0,1.0,1.0,0.0,1.0,0.0,0.0,0.0,1,0,1
589,QUgwOq0SSTs,How To Keep Insulin Level Low (Video Discussion),1710,1.0,1.0,1.0,1.0,1.0,1.0,1.0,0.0,1.0,1.0,1.0,0.0,1.0,0.0,0.0,1.0,1,1,1
590,R0JWXowK_HY,Management of Diabetic Ketoacidosis by Michael Agus; MD for OPENPediatrics,1733,1.0,1.0,1.0,1.0,1.0,1.0,1.0,0.0,1.0,1.0,1.0,0.0,0.0,1.0,0.0,0.0,1,0,1
591,tSLjM6cZaTo,Diabulimia: The World's Most Dangerous Eating Disorder,1752,1.0,1.0,1.0,1.0,0.0,0.0,1.0,0.0,0.0,1.0,1.0,0.0,0.0,0.0,0.0,0.0,0,0,1
592,Jd8QFD5Ht18,Dr. Ted Naiman - 'Insulin Resistance',1767,1.0,1.0,0.0,1.0,1.0,1.0,1.0,0.0,1.0,1.0,1.0,0.0,0.0,1.0,0.0,0.0,1,0,1
593,cUU4blxYRF4,Tips for Teaching Adult Basic Education Students with Vision Loss and Blindness,1798,1.0,1.0,1.0,1.0,0.0,0.0,1.0,0.0,1.0,1.0,1.0,0.0,1.0,0.0,0.0,0.0,1,0,1
594,eUiSCEBGxXk,Dr. Jason Fung - 'A New Paradigm of Insulin Resistance',1810,1.0,1.0,1.0,1.0,1.0,1.0,1.0,0.0,1.0,1.0,1.0,0.0,1.0,1.0,0.0,0.0,1,1,1
595,_sMkl9fVfoE,8 Secrets to Boost Testosterone for Men and Women,1841,1.0,1.0,1.0,1.0,1.0,1.0,1.0,0.0,1.0,1.0,1.0,0.0,1.0,1.0,1.0,0.0,1,1,1
596,Bv_0QWtqfVY,Full Body Workout at Home -Total Body Workout - No Weights Fat Burning Workout,1864,1.0,1.0,0.0,1.0,0.0,0.0,1.0,1.0,0.0,1.0,1.0,0.0,1.0,1.0,1.0,0.0,1,1,1
597,JjWDCldrYGY,Why Insulin DoesnÄôt Make Us Fat | MWM 2.26,2002,1.0,1.0,1.0,1.0,1.0,1.0,1.0,0.0,1.0,1.0,1.0,0.0,0.0,1.0,0.0,1.0,1,1,1
598,Vd_0FgUXVR8,"World Shared Practice Forum - ""Tight Glycemic Control"" with Dr. Michael Agus",2133,1.0,1.0,1.0,1.0,1.0,1.0,1.0,0.0,1.0,1.0,1.0,1.0,1.0,0.0,1.0,0.0,1,1,1
599,8jn67tdEGY4,Obese Autopsy : The Post Mortem,2168,1.0,1.0,1.0,1.0,0.0,0.0,1.0,1.0,0.0,1.0,1.0,0.0,0.0,1.0,0.0,0.0,1,0,1
600,XQtPFByWrWU,This is How Ketogenesis Works | MWM 2.32,2269,1.0,1.0,1.0,1.0,1.0,1.0,1.0,0.0,1.0,1.0,1.0,1.0,0.0,1.0,0.0,0.0,1,0,1
601,z9aeU2Qw1S4,Initiating and Adjusting Insulin Therapy for Type 2 DM   YouTube,2462,1.0,1.0,1.0,1.0,1.0,1.0,1.0,1.0,1.0,1.0,1.0,1.0,1.0,1.0,1.0,0.0,1,1,1
602,X2o_Z6hOpwo,Dr. Michael Cooney: Diabetic Retinopathy Lecture 3/26/15,2545,1.0,1.0,1.0,1.0,1.0,1.0,1.0,1.0,1.0,1.0,1.0,,1.0,1.0,0.0,1.0,1,1,1
603,Va1BZ7_hxSw,Insulin,2553,1.0,1.0,1.0,1.0,0.0,0.0,0.0,0.0,,1.0,1.0,0.0,0.0,0.0,0.0,0.0,0,0,1
604,6reJRE9Rd7c,ESRD QIP Payment Year 2020 Proposed Rule 8/9/2016,2715,1.0,0.0,1.0,1.0,1.0,1.0,1.0,0.0,1.0,1.0,1.0,1.0,1.0,0.0,1.0,1.0,1,1,1
605,s6UXLavIFJ4,DOCS: Turning Into A Giant,2920,1.0,1.0,1.0,1.0,0.0,0.0,0.0,0.0,0.0,1.0,1.0,0.0,1.0,1.0,0.0,1.0,1,1,1
606,ETvIajBXFCw,Gluconeogenesis Is Regulated by Energy Status and the Need for Glucose | MWM 2.30,3129,1.0,1.0,1.0,1.0,1.0,1.0,1.0,0.0,1.0,1.0,1.0,0.0,0.0,1.0,0.0,0.0,1,0,1
607,s7jBQIojzS0,"James Shapiro: ""Cutting Edge Islet and Stem Cell Transplant Therapies in the Clinic for Diabetes""",3230,1.0,1.0,1.0,1.0,1.0,1.0,1.0,0.0,1.0,1.0,1.0,1.0,1.0,1.0,1.0,1.0,1,1,1
608,5KWAgKR9JBE,Insulin Resistance Diet Äî What To Eat & Why,3361,1.0,1.0,1.0,1.0,1.0,1.0,1.0,1.0,1.0,1.0,1.0,0.0,1.0,1.0,0.0,1.0,1,1,1
609,8J9DfeOYBKs,Could You DO LESS to be MORE FIT ? | Dr. Jason Fung EXPLAINS,3372,1.0,1.0,1.0,1.0,,,1.0,0.0,,1.0,,,1.0,1.0,1.0,0.0,1,1,1
610,s9Lsyg7lgHI,Medicare Diabetes Prevention Program,3389,1.0,1.0,0.0,1.0,0.0,0.0,1.0,0.0,1.0,1.0,0.0,0.0,0.0,1.0,0.0,0.0,0,0,1
611,w0nV-_ddXoc,KRAFT - Father of the Insulin Assay,3432,1.0,1.0,1.0,1.0,0.0,0.0,0.0,0.0,1.0,1.0,1.0,0.0,1.0,0.0,0.0,0.0,1,0,1
612,mZwAHIHVomo,Leptin and the neural circuit regulation food intake and glucose metabolism,3460,1.0,1.0,0.0,1.0,1.0,1.0,1.0,0.0,1.0,1.0,1.0,1.0,1.0,1.0,0.0,1.0,1,1,1
613,EccSnNgQP7c,Uncharted Territory: David Thompson on the Columbia Plateau,3495,1.0,1.0,0.0,1.0,1.0,0.0,1.0,0.0,1.0,1.0,1.0,0.0,0.0,0.0,0.0,0.0,1,0,1
614,Bn8MJALJsuY,Diabetes and Persistent Organic Pollutant Exposure in a the Great Lakes Fish Consumption Study,3607,1.0,1.0,1.0,1.0,1.0,1.0,1.0,1.0,1.0,1.0,1.0,1.0,1.0,1.0,1.0,0.0,1,1,1
615,MhCIrN9JFqU,Beta Cell ERKonomics. Functions of ERK1/2 in Pancreatic Beta Cells,3711,0.0,0.0,1.0,1.0,1.0,1.0,1.0,0.0,0.0,1.0,0.0,0.0,0.0,0.0,0.0,0.0,0,0,1
616,WYAHes1A36I,Type 2 Diabetes Treatment Novel Therapies GLP 1 Receptor Agonists Analogs and DPP 4 Inhibitors,3751,1.0,0.0,0.0,0.0,1.0,1.0,1.0,1.0,1.0,1.0,1.0,1.0,1.0,1.0,1.0,1.0,1,1,1
617,_CUOjdA-VG0,Sugar and the beating heart: the conundrum of heart failure in diabetes,3771,1.0,0.0,1.0,1.0,1.0,1.0,1.0,1.0,1.0,1.0,1.0,1.0,0.0,0.0,0.0,,1,0,1
618,WpSSVwKYsv0,Mercodia Webinar Dr Ralph DeFronzo Glucagon Release with SGLT2 Inhibition,4467,1.0,0.0,0.0,1.0,1.0,1.0,1.0,1.0,1.0,1.0,1.0,,0.0,1.0,0.0,1.0,1,1,1
619,KYQ2dPW5nEU,20. Human Genetics; SNPs; and Genome Wide Associate Studies,4677,1.0,0.0,1.0,1.0,1.0,1.0,1.0,0.0,1.0,1.0,1.0,,0.0,1.0,0.0,0.0,1,0,1
620,FHjK1dwlpm0,IPPCR 2015: Clinical Research from the Patient's Perspective & Study Participant Selection,5498,1.0,1.0,1.0,1.0,1.0,1.0,1.0,1.0,1.0,1.0,1.0,,1.0,1.0,1.0,1.0,1,1,1
621,USBM2TOgi2I,Critical Care Paramedic 10:  GI and GU Emergencies,6502,1.0,0.0,1.0,1.0,1.0,1.0,1.0,1.0,1.0,1.0,0.0,,1.0,0.0,0.0,1.0,1,1,1
